01cee97d-03d2-47fe-8b7a-3f1737e7a37e,ny,f2325,aggio,laggiopq@cornell.edu,1645.06
02aba06f-d48b-4932-bceb-d02c1ac9a2e2,,,drews,,418.64
03805352-3036-42d4-82a2-b1e1f026fb8e,pa,f5215,greenway,rgreenwaya0@epa.gov,280.02
04101393-c2c4-4678-a260-878c8b8e1954,nv,,goodricke,,1585.91
058eba99-1e44-478f-92f2-fec39cb81050,,,stolte,,883.93
060dd215-83bf-4484-9147-693759568b0b,,,hannaford,,442.18
06930972-b2f8-4b5a-9972-60fba7b6b285,ca,,swine,,1963.58
06e6eaca-7874-4361-8077-fbac2298a557,ny,f1431,lamblot,slamblotq6@accuweather.com,1884.74
07ae7192-b382-45a1-8c46-6b12cbf2933e,pa,f7605,buckenham,fbuckenhamd7@aboutads.info,0.84
07d99df5-cf7a-425d-bde0-fa5157349034,,,crame,,594.94
08d7409b-76f3-41be-824f-570a607dd415,,,harmeston,,500.55
0bff5e62-c4df-479b-8598-b71e2f15d120,pa,f5215,slatter,sslatter6i@nbcnews.com,1117.98
0f4cfda9-b483-448e-a5e1-95c0ae752768,pa,f5235,damant,rdamantpg@shop-pro.jp,666.12
12df5f81-7267-492f-9234-3f56fd9a4882,pa,f9104,mcelory,smceloryle@comcast.net,1688.48
1323ad33-b326-454c-85b6-9346f2a240ed,ny,f4609,doumerc,rdoumercd8@last.fm,1951.04
15f2b319-3e83-492d-857c-dec711e76494,ca,,andree,,197.86
16736e7d-a115-41b7-9c81-0dd0220cacf9,,,middlehurst,,1342.32
178f25d0-c1af-4bf3-a270-d9d7db2a3fe9,,,sawdy,,269.3
179aa16e-2f74-48d3-af8d-8e94fef868c3,ny,f1431,cleef,gcleefh@mtv.com,640.99
19119752-a97d-4234-859d-2e05d3c20e1d,,,pagelsen,,568.12
1aa1023f-ec78-421c-bdd6-668476e528ed,ny,f0125,greetland,agreetlandn3@adobe.com,148.78
1b3d6ca5-0c11-48a0-9584-698601edbb8a,,,norquay,,671.72
1cda6cc8-c330-486f-b8b0-8e3942187745,,,shevlan,,1117.26
1cf030e9-67ce-42bc-86dc-c03990eb2ef6,pa,f7622,schriren,pschrirenij@timesonline.co.uk,969.3
1e83375e-24e8-4265-aeb9-2c483f706d31,ny,f0115,rowntree,drowntree1x@nih.gov,973.92
1f1a6096-6def-4952-be06-519586fa6b2f,ny,f1236,wingham,rwinghambi@rakuten.co.jp,1420.9
1fcf8745-8bfd-4ec8-9806-43dcf5bfa15a,ca,,gotobed,,1557.24
20e61736-cd8d-486f-ab70-0dfec8066480,ny,f1205,tesyro,atesyroaj@state.gov,952
2121e416-d40f-485f-bd2a-feb8ac48881b,,,burhill,,445.66
21375f99-f83d-4e4b-92f1-5e63ff2714c8,,,longman,,16.56
2175556f-a9b8-4aad-b615-279a6de2c9de,pa,f5210,larham,slarhamj@devhub.com,99.92
2434660f-bede-4195-beac-627bea80e21f,,,issacoff,,1919.56
246f7072-1bb9-4ce8-a597-6db72007e5f9,,,vaux,,1827.28
24d20bd7-246f-4d7f-97c5-61fbccbd21b2,,,bosden,,958.92
25c50435-3153-4aa4-a5a3-cb99b9cde77a,ny,f2262,strasse,lstrasseel@wikipedia.org,711.1
28d569a8-18df-4d49-a72e-87938b92b26b,,,weekland,,1357.68
295f550f-96c5-4608-9fdb-0addd7d7ce54,pa,f8706,mcgrae,amcgraerk@hatena.ne.jp,876.56
29bfe183-4d3a-442a-a354-70fc8bd260f2,,,edds,,757.26
2a7feea5-1bea-4c68-9a68-8efdcb4f09cd,ny,f2227,joul,gjoule1@pagesperso-orange.fr,1076.24
2aef7b1c-bcb9-474a-b660-479ab282f3a3,pa,f6534,cornels,acornelsl5@newsvine.com,1526.5
2d7481d8-04cb-4f82-90a4-111b36f3fde8,,,rawstorn,,317.5
2df3c529-664b-490f-bf3d-8bf6d948a4fa,ny,f0019,gallardo,cgallardo1r@cnet.com,299.7
2f2841e2-712e-4c30-8feb-012b92cf1ec3,,,bodocs,,954.62
2f3fb89d-1492-40a9-a285-9968730f50d4,,,beebis,,1815.42
3196c563-2032-48af-a9b6-a8e5c3d7c2b4,,,naismith,,1757.62
3468e934-4606-43cc-9327-a536e8ed2e9a,,,aloshkin,,1074.42
34a0b4d9-fd35-4d6b-bd0b-1287093d1d35,,,wabe,,1397.22
35286878-7c0b-4e0a-93da-7036b79d8256,,,dishmon,,1285.58
35e957f4-b7b9-4dd6-8e2f-d366255ee7ca,ny,f1436,fullicks,jfullicksq4@netvibes.com,1479.88
372c9a27-eda4-471e-b4ce-f2735c39fa05,ny,f2325,bittany,pbittany2f@addtoany.com,2200.72
39fa91da-3fca-4c9d-86e1-1c0999c09d54,,,popping,,1327.9
3b82d52e-84de-47a8-9c75-30515b7abdae,ny,f0633,mackleden,dmackledena7@naver.com,108.86
3ccc50fa-5a2b-44f5-a7fc-17d7d92431bf,pa,f7405,buckler,bbuckler4q@cbc.ca,1314.82
3ede5694-8891-4037-8210-18dd2ce65a34,pa,f5250,de keep,edekeep20@bluehost.com,1675.08
406fafb8-e907-4c5e-a314-9f56c129efc9,,,scobie,,1426.3
41845ad2-3c1a-4d4a-9a97-4e3190db47d6,,,demoge,,1832.26
41cc524d-39a6-48eb-9bf1-509ee83176d1,ny,f1044,mogra,fmograi3@deliciousdays.com,1549.48
42914e20-b839-4d93-bb57-8d94a45d3ecb,ny,f1215,grisley,jgrisley92@columbia.edu,489.28
42bddad3-24cf-4f16-9ce0-a71fe0c3f7f2,,,gaisford,,1477.02
45130de3-51a3-47ae-a0d1-983dd3509b71,,,extall,,996.6
487e4114-8d9c-4649-aa0a-49be00ecf633,,,o'teague,,1558.2
48c28b8a-a56e-43a0-a0c8-e685b298d426,ny,f0474,dalgarnocht,sdalgarnochtol@jugem.jp,1630.92
4a7f0571-c934-4dec-8926-42661330d9c6,,,castellini,,435.74
4bed2ad5-fe66-4ef7-9ee0-4e949a0a3a38,ny,f1054,matejovsky,gmatejovskyc5@icq.com,810.36
4c291f0c-d194-4b91-bbf0-e326fbd7fdd3,,,erratt,,1230.24
4ca5f85e-4564-4b96-b51d-d755158f233b,,,mingey,,26.8
4d21f28b-e574-44b0-9733-b942d08f441a,,,pendred,,507.04
50e07695-a8bd-4d03-96b9-26b39fdd3fee,ny,f0203,manners,tmanners3g@prweb.com,1955.62
54906828-123e-4b32-a834-3d24b4094b62,,,symones,,1598.22
561abbfe-1c3a-4418-9987-4ef91e5bf50d,,,kempshall,,829.95
585e5d58-a2b6-4286-be4d-a27f3b2c1510,pa,f5240,fordyce,mfordycepw@umich.edu,1161.44
58efc522-d58f-4549-9bb5-a711763bb429,,,lascell,,75.9
59863fbf-d26f-499d-9f66-acb0d18238c3,,,warnock,,1987.32
622f115c-37c0-4bf5-9eb5-7d8396045689,ny,f0633,slowley,pslowleyrc@shareasale.com,1685.68
629a0b1d-a311-4589-876e-5faec3a5e83f,,,bewley,,1201.8
632a6e5d-9128-4254-be26-efacfa7594b1,ny,f0045,lockett,glockett6l@nps.gov,1352.26
638e178f-8c93-4608-8fea-badaef82ec0c,,,rewbottom,,1937.9
64903267-6e74-48b6-9956-97f3183d80be,,,lindwall,,809.96
68b6e0ff-c83e-4044-8498-fb4b99f92fac,pa,,goodanew,,801.87
68bf63f8-12d7-425d-9cc0-e688a42c71cd,,,vaughton,,859.78
6a3a1c52-79a1-4db7-989b-102c1375e04c,ma,f105,fery,kfery15@opera.com,1171.16
6b2c5887-c14d-43dc-adf3-07364abb3e88,ny,f3505,mellenby,nmellenby5s@pinterest.com,873.94
6b65888f-6648-4473-98ad-c8dc028c5bc1,,,junkin,,108.3
6de28ef8-beff-4ee9-9441-cee4d99e399f,ca,,willbraham,,1856.48
6e23f86f-2ed4-436d-b170-c5510f514ba6,,,phripp,,371.56
6ead7500-e294-4ad7-88d7-ca6bfe1e8130,,,filinkov,,1297.54
6fcaed59-f7fd-4798-856d-3775c92601a2,,,mccrillis,,1846.91
701b56a7-73a2-4c13-b91d-e024846094a3,,,claye,,1315.96
709d7053-7b0c-4fb9-94b1-a52aeaa15c6a,,,petrushanko,,1233.52
71245081-026f-4e35-9a28-77fb7b288e0b,pa,f7622,taplow,utaplow5d@tinyurl.com,1617.08
724efb79-6930-47b8-ba77-2d2f54d2fa47,,,foggo,,321.16
7517ed88-2610-420e-b627-0fa5b5c2c139,ny,f0469,cafferky,dcafferkyl6@nyu.edu,149.88
76277968-2194-4b30-9073-c81040552694,,,coda,,750.02
78d1d1b0-5318-4e70-a8e8-ae498934d1f4,ny,f0105,waddams,hwaddamsig@qq.com,1990.82
7ac3ffe5-c598-4ab5-b499-a86f70f95902,,,wyard,,18.18
7ac659db-1965-4b9e-bac9-53e1552f174c,,,goodreid,,1721.14
7fdb4b28-c6df-4d31-8064-e1b2c83859d6,ny,f0165,oldford,woldfordmd@canalblog.com,517.22
8145eec8-e11c-4bf2-adb8-dee25c099dd5,pa,f9196,kleiner,bkleiner1b@scientificamerican.com,8.94
83681a44-0305-497d-a3f1-6f67d8cfac98,,,nicolls,,1729.4
837a1d7b-4875-4fc1-8cac-cb4d6e4040dc,,,mozzetti,,1917.96
840350c4-159b-4de4-9dca-7cb3e3fe035c,,,hartles,,1547.44
85922ece-fd8d-4017-b3db-924676405c1e,ny,f0260,gledhall,egledhall1w@dailymail.co.uk,1515.4
8670b174-d04e-4d7b-93c3-7cc8fce0d672,,,diggin,,1666.8
88ed351e-6490-44b6-bc11-d88dcde3035d,pa,f5255,cosgreave,gcosgreavege@nba.com,203.64
88eda9a8-dc37-4609-b48b-4c1c494e7d8f,ny,f4683,costall,mcostall6n@merriam-webster.com,1310.68
89752bd7-e9b9-449a-b37c-2896f700474e,,,rains,,1497.16
89e2ac90-1404-43cf-b885-234cd1fe59ef,pa,f5230,ivanuschka,livanuschkaen@quantcast.com,1372.58
8a18fa53-4e68-46ca-ade6-ebd09c4a560a,md,,deniseau,,1670.44
8bdc73a8-4176-4dbb-a508-49fd0459824a,,,pirt,,1739.46
8e05ec89-37fe-49c6-8972-4b6b4ecb937e,,,jain,,1723.72
95f6e5e5-dcd4-441f-b71d-de2d9d57076a,,,van zon,,421.2
96bffff5-4436-408e-a499-7418882ad863,,,aysh,,112.9
96f84f16-8f87-4079-b375-b63be7c85d0a,,,canon,,1132.34
98bd68fe-14c0-4e4d-b8ec-0769cd638082,,,spier,,499.08
997ec30f-8075-4ad7-b145-46c6b2297341,ny,f0105,mowday,vmowdayb5@paypal.com,1369.72
999dcdcf-5057-4742-ac98-922041757b06,,,sabati,,537.32
9a9b9414-e95c-4c09-b9ef-05438a3a2f81,,,cuel,,288.7
9bee3ec2-d688-4d43-92a7-09e449e849d6,,,mollin,,485.6
9bfbe568-557a-4cc5-b8d6-1d66c4612dc3,,,slemmonds,,1727.94
9c515c62-943f-4939-a425-cb7418db9fcc,,,mccrie,,88.28
9c55307a-8572-4f15-91a0-b72d4826cab4,ny,f0454,zanicchi,dzanicchikp@comsenz.com,41.84
9c94f9e4-20b2-4500-b816-fd57ab69d89c,,,serck,,746.46
9e27249e-eb8f-4f5a-a8c2-54acad0690d4,,,gilyatt,,1390.52
9f1cb656-dbb4-45d6-a392-ca8cb3b1c44a,ma,f152,belleny,nbelleny8c@joomla.org,211.16
a01fc40b-22cb-463d-9cde-4435d56287ae,ny,f1480,janouch,njanouch1s@fa.gov,1313.86
a02128de-06b2-4445-b374-5a8a13c4af81,,,jessett,,1529.66
a1be9fad-1a89-4eee-a980-c50864cd3849,ny,f0305,battabee,mbattabeed2@tiny.cc,1381.22
a2829e67-8192-4761-8e94-7a8e63696794,ny,f1054,sydney,ssydney68@nba.com,1867.02
a37640d1-71e7-4638-99ac-c82df280fbeb,ny,f4215,pirot,hpirotn@harvard.edu,911.7
a683f651-fdba-4a63-be99-fe865e42a3c9,ny,f4269,rhydderch,srhydderch2s@samsung.com,1923.16
a7624b2a-1021-441c-ac1c-b24175794428,,,pilipyak,,1629.7
a964685b-d23f-4e2d-aa0e-1b8c2b74dde3,,,ganderton,,723.68
aa2f1143-8f53-49f4-b91d-6ca8d1abc6da,,,kytter,,0.56
aabfb6b1-ebb2-4f50-8fcd-2fef57647a6a,,,cassely,,1587.18
ae857778-8bef-4a0e-bc1d-fc1bcfb61dfc,,,leyre,,417.7
af88e255-37a5-463c-9a60-93fc61092c54,,,raysdale,,720.44
b32df21c-a78e-422b-9261-1d361c2352c4,pa,f8105,desborough,pdesboroughob@microsoft.com,1899.92
b4de24ea-fbdd-4195-84f0-01a627f69bca,,,spileman,,1064.44
bab7830e-1fc2-4993-b056-02bea3e62bbf,,,mccullock,,1753.44
bb7fb4eb-e5a4-4295-8386-ed17673e1396,pa,f9610,dennerley,hdennerleyb7@sfgate.com,688.52
bcaf3afa-e24b-486f-9f06-0bbfe9679b99,,,vel,,1388.08
be60f4fb-6e66-4a91-9687-475c85e7b02e,,,flewitt,,936.84
bfd86327-b23d-4c99-8a68-1cb42d2b0974,ny,f2255,spon,espon4c@nydailynews.com,1399.78
c27d47a9-5d62-4862-8447-791ace7484b0,,,mossbee,,249.88
c3c1ce9c-4346-4c6d-8abd-87c74540f21d,ny,f1470,kuhle,ckuhlem0@wufoo.com,437.84
c4b6d022-5d0a-4435-82f4-61d534c6d9a6,,,joanaud,,1356.36
c53dfac2-e0f4-4a52-8388-634a4794a42f,,,lamborn,,1666.16
c7ac00df-241e-4db2-8d17-f60858d79232,pa,f8505,cater,ccaterku@chicagotribune.com,289.54
c911f36c-8915-444c-9f96-58f4d8872591,,,barense,,333.18
c9b31356-2652-4e3f-a8e1-1617bcf9ef03,,,deakins,,730.56
cc7c0c93-0b06-4f55-a076-8a0dcb868381,,,maclure,,1024.24
cf6edc63-a285-4c3b-a10c-cb41899be042,ny,f3224,hamelyn,ghamelynkh@barnesandnoble.com,1294.8
d01426d2-640c-4f03-9bca-04afa01737a3,ny,f2237,axtell,jaxtellnw@jimdo.com,1912.14
d215b392-6ff9-496d-a84e-f1e6b986d0cc,ny,f0270,mcduffie,bmcduffiegj@disqus.com,224
d2d57cbe-c13f-479e-accc-fe8868308d0d,ny,f4624,burgisi,yburgisilq@wsj.com,1649.96
d2f8a611-607b-463f-8f6c-1dbbbba3d5ca,,,hathorn,,1320.48
d472ce25-157f-4dc4-b359-efff00cd0f46,,,wharby,,1797
d5a2ec76-0d0c-4268-87a6-7f00eccd1586,ny,f1480,mcguiney,rmcguineyfw@sohu.com,1066.66
d671f66b-dd34-47e2-937c-d54ef03bb9cf,de,f9810,riditch,lriditchog@discovery.com,1970.58
d830c15c-f375-4f3d-8f06-1e4846ad26ad,,,threlkeld,,590.16
d847ee8c-c72e-405b-be6d-5157b8c67e18,,,goldstraw,,1988.56
d861e124-f142-4e1f-81f9-9b8d4d5f2e39,ny,f1388,showalter,mshowalterlh@cloudflare.com,1276.65
db099f40-a9e4-43e2-ad2f-a14dc0f29760,,,pechan,,1471.34
dc56f755-4539-4246-a140-b6b9edf8ce40,,,mcnalley,,1944.77
dd5a16af-e444-4ee2-9c80-088047dcff8b,de,f9714,pettiward,opettiwardgb@ow.ly,1702.44
dd74f285-1f1b-468e-a40a-0cd31ef03bbb,,,franc,,123.44
e0a81b37-c52e-4eee-bb54-a510b976f87b,,,campa,,1135.86
e1cdd981-d29d-4a79-a316-a9bc9a35c676,,,reisenstein,,1615.86
e60ce25e-2fb1-41d8-aa2b-ca9c7c44018e,ny,f0060,attack,dattack9h@virginia.edu,1464.46
e67214d6-ab53-4896-9953-bf69f9256bdc,,,bruin,,834.46
e6ed3cda-5d36-43b3-8a21-eddbe92ce866,ny,f0454,dibdin,adibdinaa@imageshack.us,1251.38
e7ab6a58-bb5b-49c9-9fef-49601dc82b36,,,stoke,,585.02
e7da5d22-4ed7-47fa-8993-f6f1854e4630,,,pennycook,,1912.99
e87bb014-210b-4df7-84dc-c1c03950f0a0,,,deviney,,415.22
ec6eb7c5-7c88-4649-a48c-232b93f799f2,,,sprade,,175.24
ecb61a2e-be7b-49f9-bca5-7059c782c6bb,ny,f1431,settle,fsettleov@tinyurl.com,953.2
ed8aa0b9-edf8-4e23-b36c-6b6c2174b27e,pa,f5210,castellanos,rcastellanosjh@altervista.org,1118.6
ef1146c6-840d-4f0f-8fa4-9f271fb0d733,,,biaggelli,,1582.66
ef8d5db7-a78b-4ead-97d2-c885d8f9e6ac,,,heater,,802.23
f052949b-277f-4e99-bb99-bc8a42a7e08f,,,bryan,,1018.16
f06ef40a-2794-4b2b-8b39-31813e23bce3,,,crowdson,,1173.86
f0ce8c3e-71b0-456a-b295-7b1fa01bb413,,,cardozo,,1447.08
f378a012-7ed3-4f02-a9e4-957c96747d63,,,gallety,,473.1
f51cd13c-de3b-49a6-9f3a-3064b39cc594,pa,f8768,caulcutt,hcaulcuttkb@themeforest.net,1306.04
f6edfc44-e5c1-475e-adbe-1f948645ec34,,,storah,,1583.58
f8ee988c-599b-40d4-98cf-efdd5146f4e3,ny,f3205,skunes,askunesb0@cnbc.com,253.26
fe6dfbec-dc6b-4aab-a5a8-60313969b0cf,pa,f9093,kennerley,rkennerley3z@hubpages.com,186.21
feaa5b91-953d-4bca-8c18-c2d3b4896e60,ny,f1225,scini,mscinig2@imdb.com,1563.08
fec661bb-507b-4e6b-8508-5498b9a8f414,,,catmull,,695.96
2ef5c32d-dc98-4fb3-b161-4ac9f07e9698,ma,2119,calkin,ccalkin17@sina.com.cn,1913.9
f74544d0-ab54-4bb3-b2dd-42ee1397b543,ma,2119,hallaways,rhallawaysgx@wikimedia.org,543.42
05afac29-df71-4f54-aced-b6c01c09ace5,ma,2283,greader,hgreaderl7@netscape.com,1668.84
42411a6b-f01d-48c2-961c-64afe42d81be,ma,2283,crowne,ccrownecl@photobucket.com,1393.51
c9566863-d89d-4959-a037-198d0b0f9ea5,ma,2453,chapelle,cchapelleid@google.pl,1823.96
74b532c9-6d2f-45ca-94ba-a9906b13cfd2,ma,2472,yurlov,lyurlovdp@ucoz.ru,427.5
75c63bc5-ca2c-4a7c-bff2-21ff3237b058,nh,3105,brigshaw,bbrigshawlg@wikia.com,1025.2
9209944c-6441-412a-8249-77e51d64ffbb,nh,3804,dalyell,gdalyell8a@networksolutions.com,1588.26
7a0ceaa9-2d88-4553-bab8-5b8ad7094217,vt,5609,vala,wvalaa6@meetup.com,376.84
32af835b-547b-450b-9f42-18cbaf222fae,ct,6105,stainland,hstainland1a@independent.co.uk,530.7
5be8f612-afcc-4364-9272-f2f5e70b5289,ct,6105,docker,gdockergm@soundcloud.com,425.82
8c00ce4b-0eed-4281-a41c-13b5249ec349,ct,6140,corey,ecoreyfs@squidoo.com,1002.32
4a6bf3fd-f24c-4e90-b19d-c9f9a83b7266,ct,6145,eble,beble5k@telegraph.co.uk,1665.68
cce95e14-b2d7-45a4-9f43-83e46693cab0,ct,6160,reye,jreyepk@theatlantic.com,651.18
b683e147-bf4e-4565-aa7e-7e934889d00d,ct,6505,eisak,ceisakgo@netlog.com,1864.26
549bc6ad-a16a-4b6b-a3b9-d8be2a4b507b,ct,6510,heindle,lheindlel8@a8.net,795.18
4cd6817d-8d4e-4c0c-b2cf-f1885d16523b,nj,7104,birnie,vbirnienh@google.ru,99.9
9d7d8b09-04a5-4b59-b715-7ad7f52d1ed7,nj,7104,alexsandrov,calexsandrovim@meetup.com,1268.86
da29a15b-1dfa-4056-884f-19f121c135b7,nj,7104,petzold,mpetzold5x@newyorker.com,54.82
46bafa40-ebdf-407e-a31b-db515cb32baa,nj,7195,carreck,lcarreck7v@miibeian.gov.cn,352.01
6af0cc42-ba00-44dd-9813-cc3bdb058347,nj,7305,ozintsev,lozintsevlo@google.co.jp,1910.44
173659aa-49a2-4b2e-92c5-51159435a52d,nj,7505,wansbury,swansburyr7@tripadvisor.com,2028.5
27a38689-7aa1-4510-8567-5bad40cc17fd,nj,7505,berick,mbericky@berkeley.edu,852.36
4d6da6b3-6c03-49ce-97d1-32040a803c40,nj,7505,romaine,zromaine76@163.com,1350.54
62325f0b-1106-44de-b943-8714bdb82a89,nj,7544,hibbart,phibbartah@yale.edu,853.6
cbb93906-b079-49f4-bf10-375fc0365aae,nj,7544,pallatina,apallatina5i@microsoft.com,346.32
6b859468-e577-41d0-9564-744fd5912504,nj,8603,skala,gskalajm@infoseek.co.jp,1645.92
4254dfcd-5df5-484d-9afe-0604bffac128,nj,8638,jillis,mjillisj7@newyorker.com,458.66
82ff997a-ab2e-4138-a66a-e617388f4168,nj,8638,tulloch,btulloch43@sakura.ne.jp,1024.96
2b7b9b72-407d-4d99-a919-47fb291eb9a9,nj,8650,hazlewood,ahazlewoodq5@about.com,1994.86
521d5147-aae7-45ac-a09e-e00e674f84d2,dc,20005,codner,kcodnerf4@nytimes.com,1236.46
8a3d6239-a713-46b8-a14a-ef7339c9b6bb,dc,20029,clampe,dclampecf@forbes.com,1268.08
1709314d-c9e3-4ce6-aba4-57623ad63815,dc,20051,rabidge,drabidge5p@google.cn,1620.18
dd6c4e50-348e-4f8d-8a54-540217f191ec,dc,20062,shipman,rshipmano@sohu.com,1347.94
712b7909-4c8d-4d39-a559-a0dede81b0ed,dc,20067,olding,aoldingcb@google.com.br,1468.04
9eb3be51-2e7a-4d31-93ab-23c132e1a74c,dc,20067,pooke,rpooke7x@npr.org,535.97
aad8e27c-413e-4324-ad81-938f4bd3ee02,dc,20067,roxburch,aroxburche3@google.nl,61.78
b54a2bab-649c-4f58-9ce3-de782c8afc34,dc,20088,fermin,rferminn5@tumblr.com,959.16
80e17666-2da7-442f-ae3d-03e4b4e51c24,va,20167,stenett,bstenett45@rakuten.co.jp,1522.98
f2cd4a7f-c927-456a-b991-a15adee338e1,va,20167,phaup,wphaup96@spiegel.de,828.18
57991e5e-987c-4949-9ddd-51228903a767,va,20189,dooland,bdoolandh3@homestead.com,929.72
6fca016e-686c-4827-a783-70f42034c07a,dc,20215,hibbart,mhibbartcd@unc.edu,186.16
1d540013-96da-479a-a806-d444d6a9beeb,dc,20226,fennick,kfennickhx@ebay.com,2109.02
5bc5141e-0ffe-4518-b7bf-034169ba757e,dc,20226,whopples,pwhopples4@prnewswire.com,590.36
f675cb64-4b4f-4899-a2fe-6a0f727065f0,dc,20231,gilleson,agillesonra@rambler.ru,256.74
5e233437-177b-4e14-8c09-9ffdb56029db,dc,20244,hauck,thauckml@csmonitor.com,892.46
cec7abc6-93fe-4072-a382-65c9208d5567,dc,20268,kilbane,akilbanec3@mysql.com,1174.38
2b8fbd7b-4fd9-4349-9aff-7a39ead1b2d5,dc,20337,hurndall,ahurndallli@example.com,510.76
acf04298-64d7-4c32-bd69-4df392d14f4d,dc,20337,michell,dmichell6z@linkedin.com,834.2
eecc4eab-4c5e-48af-b813-a1e934d55a45,dc,20425,eynon,geynonnd@1688.com,1666.7
e5acafc0-ee97-4b04-90ad-5db8aa1b272a,dc,20442,hargitt,hhargitt7m@newsvine.com,294.88
31a29c8f-a35e-40d5-a375-b147c8d38f8f,dc,20456,borrell,cborrellfz@nifty.com,807.98
e8922560-24bd-49ef-9209-1d13a5c79720,dc,20470,larkcum,blarkcumqw@mlb.com,77.22
32e840e8-b53f-4121-b668-1b28e85b83b4,dc,20503,egerton,gegertondf@columbia.edu,1989.1
c25e533c-e5ce-4be7-896f-461b2f3eeb2b,dc,20525,niese,enieseok@umich.edu,20.48
1e5101f4-be6f-4371-b2cb-faedaf124652,dc,20530,stones,tstonesbz@linkedin.com,762.19
92607863-6bf5-4a14-9b79-8d7a7b68b069,dc,20546,chamney,echamneygv@mac.com,677.66
e9b0aa31-445b-40eb-ae9a-3894219e32f3,dc,20551,mcclements,kmcclementsr1@linkedin.com,1587.66
efc38be8-7a12-4845-b4d1-6ed6d434ee68,dc,20591,hugueville,bhugueville3e@wufoo.com,892.08
de63b5af-f00a-4d2c-923e-d2fc260be940,dc,20599,o'corr,mocorrqh@livejournal.com,405.74
c5106627-e07b-4279-9deb-bd74cda2f79f,md,20709,boddymead,tboddymeadk9@about.me,758.7
1edffc0d-1fb1-440d-b025-31ede745084b,md,20892,dionis,mdionis4j@microsoft.com,411.74
289c26b4-03d5-473d-9608-50329fd8d818,md,20910,elden,selden3i@msu.edu,462.98
ed8e2e6b-889b-4d1f-b614-de81a1a9818b,md,20910,petters,fpetters4t@cnn.com,602.42
b22c7371-5447-420d-bb69-7057bc05a894,md,21203,shimuk,bshimuk41@hibu.com,262.52
9839a600-3c7f-423c-9674-06b69b901fc9,md,21265,macranald,smacranald4n@amazon.co.jp,76.22
98987dfd-a23a-47dd-bb80-aa859b955ca6,md,21405,ladel,wladelan@phoca.cz,776.38
f4971007-31ad-482e-957e-2b9d57eb97aa,md,21684,laughtisse,slaughtisseon@squidoo.com,955
b51a874f-38a4-48f9-85db-11f62372146e,va,22047,dobey,tdobey1q@accuweather.com,1655.57
2c87b496-f433-4ab5-bd0d-bfd89d292e06,va,22156,bunce,dbunceqm@wp.com,324.7
ca1f4d35-b856-4edb-9fcb-10b196a3016c,va,22184,malitrott,hmalitrottjl@tumblr.com,635.34
614e0333-0553-42f6-be86-7c875133a3bc,va,22212,mantz,gmantzin@smugmug.com,1355.79
d827a4d4-d0e3-41d7-8676-62149564c9f6,va,22212,lomath,hlomathd0@bizjournals.com,1340.78
fc941596-7dd9-48b0-a441-4f9fa30e973d,va,22244,tremoulet,itremouleteq@icio.us,2030.29
2c259927-33c6-4107-8537-905f15a7217b,va,22301,muzzlewhite,qmuzzlewhitef2@intel.com,1664.38
39bc1931-3f43-44ef-9edc-f86292b731e9,va,22301,de benedetti,sdebenedettimx@nyu.edu,329.28
61dcdcb6-b67b-48a3-9fe1-8291c4160b7a,va,22333,smallridge,asmallridger@cmu.edu,1838.28
0812cc58-0631-4681-81ac-ed055d27180d,va,22903,peckitt,dpeckittot@gizmodo.com,1454.42
ddcc2cfb-c845-44f2-a8d4-04cc154f1403,va,23225,calcut,ecalcutp4@geocities.jp,221.12
eac8512f-c813-43ea-9021-b9521ba42e0c,va,23289,dearing,kdearingjs@jalbum.net,816.02
a87f2202-9d08-40e6-b407-24d994e6fd52,va,23293,brooksbank,sbrooksbank77@kickstarter.com,1174.46
465f5dfc-b2a7-44e5-be44-2eedefb0c017,va,23324,shattock,sshattock5j@bizjournals.com,735.64
ee99ed7f-5e90-4285-b118-749d49b9d5eb,va,23324,abbotts,fabbottsrr@mapy.cz,1571.72
e80a7b08-a947-41ab-8d41-79aee27aff56,va,23454,shotter,rshotter23@issuu.com,103.1
3653046d-d6fd-4e38-a275-81ff063b07d0,va,23471,renbold,arenboldo5@sakura.ne.jp,1598.8
805bf8f2-8112-4168-b691-34e87108ed04,va,23509,o' bee,hobee91@storify.com,955.5
ec2e3500-a8e2-4ca1-9b30-c815b486411d,va,23520,wethered,iwetheredhs@live.com,115.36
278d6966-7f2f-4a35-8f0a-e60ea4ada5d1,va,23605,phear,rphearka@google.com.hk,333.43
a0060b2b-a6a1-45ec-8912-ea0f9272a32d,va,23605,licciardiello,wlicciardiello3v@vkontakte.ru,1889.92
31dd2771-2431-4db5-bd01-1d96d7a4e7cb,va,23663,culcheth,bculcheth8f@over-blog.com,443.89
0e2472b0-1ee1-4513-9b47-ec0ef94cfc54,va,23668,bending,bbending7k@printfriendly.com,561.46
f6c4b9fb-1eac-4893-876c-066c61ba7ad3,va,23668,whitton,pwhittonai@feedburner.com,1301.5
5ec6c8f1-bc08-49f3-b0fe-653d518bc878,va,23705,arnaldi,tarnaldime@google.it,593.91
f4687b14-f8e0-4d3b-94d0-28fb0dee8f52,va,24020,struss,mstruss8e@bloglovin.com,705.18
1505f1ab-7f5f-4e3a-8225-395b2a95f8f2,va,24040,cahalin,ccahalinhl@sohu.com,594.94
cae576f0-8ccc-4245-9c38-9a6231d6c024,va,24040,frontczak,pfrontczakf6@hhs.gov,1580.92
988c276e-5f5b-4d1e-8252-da2517cb36e6,va,24515,bontoft,fbontoft5w@gmpg.org,660.78
d01fe767-c921-4687-84d9-5ea24bd64e03,wv,25321,davioud,mdavioudop@sciencedirect.com,475.66
06e7455e-b963-41a9-b948-8f24b17bfd2a,wv,25336,carass,acarassnp@reddit.com,1138.72
105b7ab7-fd6d-4c2f-82c6-9ea9c93af445,wv,25362,danilyak,cdanilyakmi@e-recht24.de,809.92
0dca3f5c-cbce-4fb4-bd4e-1ebe34d7f76f,wv,25389,isacq,pisacqap@odnoklassniki.ru,1885.76
3306fab5-c4d5-4c60-ba77-6889f063df35,wv,25389,thomassin,athomassin7q@behance.net,1750.04
c117f14d-1322-45a9-9f9b-63db5105fd6c,wv,25389,clausius,mclausius6g@sourceforge.net,46.52
e4eb28e6-f960-49eb-8f5d-361df60f00c7,wv,25709,dearell,jdearell9x@pen.io,473.98
d57e9aad-3cbf-4872-855e-457434888b28,wv,25711,attiwill,mattiwill18@ustream.tv,544.36
204c7145-6ff3-49cc-9399-86cbbc56dfef,wv,25726,adamsen,tadamsenq7@biglobe.ne.jp,926.28
11f25016-2afc-4102-9c3e-44de87e939f0,wv,25775,kuhl,zkuhljd@cbsnews.com,1325.64
d9d7e76a-09c4-4e4c-a495-5935d9dcccba,wv,25775,mcconnachie,amcconnachie1n@yelp.com,1737.84
dc04346d-f15c-4b6a-a798-4bf4bd3a8d83,wv,25775,newhouse,wnewhousehn@tmall.com,790.83
6719a3ea-d780-4a4c-abc2-3c34e9fddee7,nc,27105,arlott,darlott6o@wikimedia.org,1329.26
eff1e478-35dd-4af0-aeb9-3290bae54be2,nc,27105,gaskin,vgaskin40@cnet.com,218.5
948bd6f3-ab6b-4978-8bb1-e3784d7c589d,nc,27110,mustchin,umustchini1@goo.ne.jp,1220.32
4c20b7ec-a374-4ca4-aae1-80d1942ddcb4,nc,27264,ardy,cardy7r@wunderground.com,526.14
48a9bbce-6ec4-4537-8cda-65753fb67ce0,nc,27615,haughin,bhaughinnc@infoseek.co.jp,374.92
880c20d6-7da3-4d31-baf2-3cd9ac3b8ba7,nc,27615,kopta,wkoptacv@joomla.org,1716.2
aebeff08-c134-4159-a917-4129c526850d,nc,27658,kobu,akobumf@ted.com,1770.18
57a43fa8-d7bc-40f3-95ca-c55d6c6c7197,nc,27690,poynor,dpoynor53@princeton.edu,687.12
0e5b5c2d-826d-4121-9089-57bd472b6b13,nc,27705,lindbergh,hlindberghau@usatoday.com,531.24
a93bd2fd-459c-4995-938e-c0fb486c621f,nc,27717,addicott,aaddicottpo@mit.edu,1594.54
ccad01f3-637d-4f85-afcf-85c98350a542,nc,27717,dechelette,edechelette9k@princeton.edu,1190.1
4691a88e-a6a2-448c-80f5-3904eb6178ea,nc,28055,teideman,mteideman8z@delicious.com,486.68
497ef725-5cad-435f-ab50-337c398eb837,nc,28215,polack,rpolack1m@t.co,685.72
c3f99a08-e504-4500-8d69-590455d41e2a,nc,28272,kubicki,rkubicki8d@google.com,1536.36
9fe5d6f8-6183-4ee5-8f49-abeb042b2d33,nc,28278,jerche,gjercheit@cargocollective.com,1401.36
06ee38ed-e591-4a4e-b805-ddc2f38b2a0c,nc,28284,hankard,nhankardix@joomla.org,1134.38
437384cf-ecfc-46e9-a630-6a7c9d2c1211,nc,28305,liddell,sliddellmz@sakura.ne.jp,526.38
3587ba16-b3a5-4092-915c-abd55b4c75d6,nc,28314,kittle,ukittlequ@independent.co.uk,1727.56
0a0f469b-7be5-4460-9c87-8f57db7a5bfa,sc,29208,stubbs,sstubbsfh@twitpic.com,210.72
f5873007-6e5f-4719-b75f-d1d00ca0390c,sc,29215,van der brugge,avanderbruggea1@addthis.com,1410.4
268342a0-93dd-479f-9cfa-0fedd8710774,sc,29240,inglis,minglis3f@nsw.gov.au,512.02
528408f3-fb48-4e5b-b38c-769f0fa9425a,sc,29319,willatt,kwillatt2a@twitter.com,630.38
b68e12f0-1c08-45d4-bfd8-87a395ead7b6,sc,29416,laphorn,alaphornqx@yandex.ru,297.86
b03b3afe-4739-481c-8372-2247b17b3523,sc,29424,cuseck,rcuseckha@mapy.cz,849
bb34084f-52f2-48fd-a894-d22685b20c60,sc,29424,renner,crennerbr@fc2.com,444.51
87638822-0c81-4bc2-aba5-21c95cae97a7,sc,29579,souley,bsouley8m@storify.com,1292.02
d36fb4f7-c830-4dae-9f7e-5b24044bcab3,sc,29579,hayward,dhaywardor@deliciousdays.com,275.16
0f41fb24-64f7-46ab-a520-e7dc14b2b043,sc,29610,knowles,rknowlesqo@patch.com,314.4
dbf55a9f-4e45-432d-9c00-e88785748267,ga,30022,barta,bbartadd@soup.io,1083.78
ec3847ee-f6d1-4aa3-94f8-117a968da674,ga,30033,clementucci,aclementucci85@bbb.org,777.04
1558e1fe-ef65-4780-a8ea-b26ba8232313,ga,30061,carletto,ecarlettomg@woothemes.com,1495.24
5159b645-2523-4359-b80b-d7dcc1e9b50d,ga,30066,phizacklea,mphizacklea54@list-manage.com,342.12
cd60b104-e181-4874-9cbc-af579370cafc,ga,30066,hutchings,jhutchings90@irs.gov,1386.82
63959202-9126-4cc2-b0b1-70114cf7ea48,ga,30130,soonhouse,wsoonhousemr@yellowbook.com,1652.06
95874b41-0652-484f-81ea-fba8bb348b42,ga,30195,channing,achanning7j@blog.com,141.66
b10788ac-4404-479c-a9f6-eb3f5a76c24c,ga,30195,plewright,bplewrightjw@home.pl,407.34
85516eec-20e9-4c55-9c03-73a14a5a4ce3,ga,30245,daws,edaws98@unc.edu,452.8
4c99361e-7172-471a-a65a-86491e70c784,ga,30306,jacobs,ajacobse7@vinaora.com,1976.32
51fab92c-68d4-4160-b090-009bf218772a,ga,30306,mcloney,fmcloney4d@washington.edu,1614.48
bea90e9f-774c-4ff7-92cb-8284d0356374,ga,30311,leeburne,jleeburnenq@de.vu,1541.44
11e45f25-4a16-4bd5-b1a4-b52acfe0626e,ga,30316,mcgriele,emcgrielej9@edublogs.org,1602.21
65a50b12-00ce-44ac-86c4-696f0f6130e2,ga,30316,tolussi,jtolussin0@abc.net.au,1183.98
96762923-9ff0-4e7b-a3bc-74d3bdd82069,ga,30336,gulk,ggulkdi@artisteer.com,1429.76
2d5a8ac1-3c5a-4bcd-a3f9-f81ed11f230b,ga,30340,biskupiak,nbiskupiak88@forbes.com,1413.74
5905a819-8676-4d93-a4c4-fae418816b52,ga,30340,collcott,dcollcottcr@businesswire.com,82.5
6fa37097-80d7-4f76-9fc4-bccaa957b3c5,ga,30356,kalf,akalf82@eepurl.com,504.72
a7384c8b-46fa-40b0-a386-0430b5ffaf96,ga,30356,heistermann,jheistermannkl@booking.com,1819.42
7de95080-7d30-4b77-8c30-73364dad89fe,ga,30358,brian,fbrianrn@alexa.com,1541.56
3f036fbf-7087-40ee-833a-3fd2653deae8,ga,30375,dodswell,jdodswellr6@walmart.com,1878.58
82729022-91f5-4dc1-a338-59683dff4c19,ga,30380,brauninger,bbrauningeret@engadget.com,1518.28
2f347225-13c3-4492-882f-d6fa3debf57a,ga,30610,davie,rdavieqd@auda.org.au,1324.52
e06570d6-4fa6-4c00-8eac-aba89e5b8e29,ga,30610,boulton,fboultongy@prlog.org,961
e54f99e1-9c9e-4c69-9933-c173294dc236,ga,30610,kohneke,bkohnekeja@umn.edu,356.34
23894a2e-6086-49a6-abc3-9a9ca8139b49,ga,30905,fechnie,rfechnie4m@dailymotion.com,1333.14
6bbf7bd8-82ec-4675-9ed0-a1a35828dd69,ga,30919,mcgurk,lmcgurkep@ibm.com,1681.76
8d029c4b-a7b9-423d-a4ec-9daf260dd9e7,ga,31205,billows,hbillowsi4@quantcast.com,1133.78
f7241e73-0b3d-4124-ab0e-9176b17b3a6a,ga,31205,dore,adore94@nhs.uk,846.18
3c53c303-7889-4168-87e7-6aa19fa7eb0e,ga,31410,fulford,mfulfordca@google.fr,1605.9
df76dd96-7a2f-4ac8-9418-928126156f93,ga,31704,clausius,sclausius7i@dyndns.org,541.17
34bcde3c-b043-4aa5-9c46-6d1417058d09,fl,32092,wathell,lwathellgf@unicef.org,1097.9
9369a79f-2e1b-49e3-8171-2ff716123c11,fl,32092,ireland,tirelandjv@hc360.com,12.02
a0e6ac52-7060-4376-b1b9-f831e3c014de,fl,32128,tourmell,jtourmellqz@ted.com,227.72
1241ebfa-9587-4295-a1a9-76c44b8f8310,fl,32204,dureden,tduredenl2@usda.gov,1011.22
dc42a754-c84c-42eb-b8e5-a5345f5055e2,fl,32215,thorbon,jthorbon9d@mtv.com,761.06
b364ea87-f6e8-4dd9-a1e0-14cdad73b71b,fl,32225,goard,ggoardkj@princeton.edu,970.16
5e584404-d91f-4673-9b26-b251a078b601,fl,32244,ferroli,aferrolikw@artisteer.com,1411.73
fc8d31a4-bcb4-490b-87a3-7684f268d4aa,fl,32309,prando,hprando9b@usa.gov,779.62
9d95f79c-cfbc-48cb-bd24-f51071853a93,fl,32314,end,iend2g@is.gd,252.24
639c9fa2-2923-4cb6-82b1-83bf791ad403,fl,32405,mundwell,hmundwell8u@reference.com,598.86
e335ce94-3244-4ad2-b9e4-f0cdacb77cd2,fl,32405,blenkinship,kblenkinshipql@businesswire.com,1494.4
ab5d0d52-9060-4748-95b7-0a222b4fd647,fl,32505,pervoe,lpervoece@purevolume.com,210.66
efd5c6fd-689b-4389-9f93-36bf780ce87c,fl,32505,colcomb,ccolcombod@delicious.com,743.34
44a977dd-b285-4ce7-989b-2096841c75f4,fl,32575,tailour,gtailour2e@histats.com,1986.08
68c097b5-dc39-4bc2-8637-b6db9efe9e8b,fl,32610,gozzett,fgozzett2v@hatena.ne.jp,1773.22
de1b6887-b4c8-41d9-9c5b-ab9d3a059185,fl,32803,bywaters,wbywaters9t@amazonaws.com,786.88
7f8dec32-e966-4f07-b879-0db9c661d2b5,fl,32808,buckingham,lbuckinghammb@mediafire.com,88.16
bdd89a9f-2022-4d7a-8e97-8638119f2d4b,fl,32813,chalice,achaliceik@reuters.com,16.07
330ed9df-8e03-4e79-86fe-225409576565,fl,32830,sibun,gsibunoq@paypal.com,1513.3
ddf80570-9a9e-44d1-9200-4df3f16d9150,fl,32835,cuxon,mcuxon33@geocities.jp,837.16
15ee36c7-bb38-4dfe-93e8-b2ca886e96b1,fl,32868,piddlesden,cpiddlesdenff@ocn.ne.jp,1977.44
145e0ebf-8419-427a-a3ad-174000c6a8f6,fl,32891,miskelly,jmiskellyk4@lulu.com,210.54
99d9c672-1119-4f52-a99d-d13e1c73a3c7,fl,32909,callway,acallway3y@freewebs.com,1222.59
4d34d294-b449-4421-9695-e6a2a34f73bd,fl,33018,dews,bdews4p@360.cn,1292.34
14ef61d7-eb27-4669-88d1-ebd0250506ce,fl,33034,wassung,jwassung2j@artisteer.com,1659
d46e1ab8-641d-485e-902e-2b0ac35f7e88,fl,33034,mayor,mmayor58@reddit.com,43.28
4555a22d-8661-42a2-bd91-228cab13d741,fl,33069,mcrobbie,mmcrobbie5v@epa.gov,308.98
c419f3ea-a428-4a95-9988-1f80d9ed7037,fl,33111,haig,ohaig1l@patch.com,1961.66
8a65e2ae-4678-439f-821c-393499d179fa,fl,33134,eykelbosch,meykelboschb8@t-online.de,148.86
b43c1fd8-0a9b-4b62-a3c7-c8802b7921a5,fl,33180,gallegos,pgallegoskz@boston.com,1895.32
fcaeb5da-d030-49d9-aec7-3f0ee42164d7,fl,33245,hutcheon,thutcheon9z@businessinsider.com,612.42
bab6bbf5-8e8f-449d-9ed3-b87f6acf5dd7,fl,33305,londors,alondorsox@discuz.net,450.22
4e6907e3-c128-4936-a8e2-a66110787b39,fl,33320,merriday,imerriday46@jimdo.com,685.32
9ccf4548-8574-48d3-bf91-e75e1f66787e,fl,33320,kyllford,mkyllfordpl@marriott.com,1074.92
d97c4ebb-56d2-4f49-ab4b-79b9d976c862,fl,33330,corbett,ccorbettmn@shinystat.com,1637.44
d4321f30-e51f-4c00-98f1-23e1e46d5a1e,fl,33336,snalom,msnalomj0@dailymotion.com,1779.46
68876e26-4acb-4ac0-941f-3922b37568d8,fl,33405,fallawe,wfallawehh@qq.com,88.36
63b3acce-9e2c-4a6f-a2c3-b3675e90094f,fl,33421,faughnan,kfaughnann9@trellian.com,900.72
d6151f74-0e79-42cd-9e52-718d2843f2be,fl,33436,goudge,fgoudge9u@baidu.com,1859.02
feb7ae8f-d0b0-4d4a-8af7-9f214fb8c7b3,fl,33436,bashford,ebashfordp0@bluehost.com,1587.08
f30119d3-160b-4331-98ad-25a6facffa8b,fl,33462,dottridge,bdottridgerj@4shared.com,1213.04
a1ac3930-18ba-45c9-baaa-07086f285070,fl,33499,mathis,fmathis2c@angelfire.com,222.7
4bb543f5-e9c5-4c9e-a57c-faa5baaac30d,fl,33543,danieli,edanieli9s@bing.com,1810.9
1a960f07-e7c8-44fa-bb27-47ae55d94ca5,fl,33605,jaeggi,djaeggidq@quantcast.com,177.76
08dbdb52-066a-4f9d-9549-4a4e5cac79fd,fl,33615,keaton,lkeaton80@google.es,880.49
6050e5c1-468c-4ca6-8733-bdf2266f6612,fl,33625,dopson,kdopsonkn@ehow.com,467.12
b2c395ef-47b5-4e1f-8364-04e30b51aae7,fl,33625,hampe,phampepn@senate.gov,161.52
9a0ffbe8-d63f-4580-9b00-0bd08f47e122,fl,33633,budik,sbudike@technorati.com,1797.98
d10a208e-f781-4b16-9dc1-802ac513c20f,fl,33633,stannah,rstannah7l@reverbnation.com,1430.94
b12d8d3b-3102-4daf-820a-6c20e735919e,fl,33731,malitrott,smalitrott50@whitehouse.gov,1144.65
c011219f-34ce-463a-99b0-c36ff4d3b775,fl,33758,ansty,eanstyfo@alexa.com,1173.02
f044f3f2-6375-4be0-8f4d-6e3850c03cf9,fl,33777,perllman,tperllmanqj@quantcast.com,394.96
3e87e1e0-787f-4af1-b0e5-de82314f1cd7,fl,33805,mckinstry,amckinstryg6@aboutads.info,1569.36
1538f9a5-4d1f-40c6-a95a-4a514cf2a332,fl,33906,meeland,kmeelandr2@google.com.au,1163.22
852b79d8-c320-4daf-bb6b-a1638d385801,fl,33913,faulds,bfauldspc@nsw.gov.au,940.08
b235f63c-adc1-4e12-953c-7c5b13b6286b,fl,33913,bonnaire,lbonnairew@moonfruit.com,359.22
633efdf4-caf9-4650-aa20-a2a6b2a245d3,fl,33915,blamires,hblamiresrd@tripod.com,1826.48
21219acb-aead-416c-b061-59b469369c4a,fl,33982,bachelor,lbachelora3@smugmug.com,165.24
231b6270-86e4-49a3-9a4b-7ca80e81e8d0,fl,34210,fanton,wfantonma@about.com,1247.42
a56baad5-ffeb-4d45-8e86-ca08dbeb0f72,fl,34210,prophet,jprophet89@answers.com,1239.28
1297d4ef-0ac8-41e5-acb2-88f30da81817,fl,34233,tewkesbury.,ntewkesburyoj@examiner.com,1537.94
9a0d3dfc-4c9d-4b6f-9ff4-5cc61549ed77,fl,34238,mclarens,smclarensos@marketwatch.com,1026.48
3696e6c9-d6ac-4843-b118-32c167ae889e,fl,34642,lenoir,klenoira2@mozilla.org,402.48
36fdd814-c230-4221-8ab3-b3b2570fbfb3,fl,34642,fetherston,kfetherston19@nasa.gov,1978.82
5b29a76b-9727-4680-b191-239fb62b7488,fl,34745,cheer,mcheer4s@devhub.com,2160.1
24912d74-3d7e-48e1-8df8-2405d2a1fe0f,fl,34949,eastlake,leastlakecm@nydailynews.com,1939.72
f9dde5e5-c9b9-40d1-979c-821d57e3f514,fl,34949,okey,kokeyn6@zimbio.com,272.88
86986dd5-c04c-4bc0-b1ec-65d999550234,fl,34985,trill,strillf@fotki.com,519.82
088019fa-23bc-47e1-83b4-4ebf54028667,al,35210,conradie,hconradieg8@tripod.com,841.64
d7ba18ad-738d-44f5-85f9-57547979e7c1,al,35215,prestwich,mprestwichf0@reverbnation.com,1906.84
180e5d31-9c57-487d-ab9e-b112f1a80e53,al,35220,teresi,rteresi6p@last.fm,1921.3
2bb0d5a5-06c4-4939-9a93-4af04543ea91,al,35231,peche,mpechedx@chronoengine.com,1796.56
0aa46b4b-c906-4118-90b2-7e10bb0355c9,al,35236,toll,rtollfy@cyberchimps.com,1109.78
ab4bab24-9945-473e-b253-75bad5a7cb00,al,35244,kleiser,pkleisercs@nydailynews.com,1644.34
ea0b8250-9a54-46bd-82b8-9e5defb67680,al,35263,wynn,jwynn3@tripod.com,112.3
dd2fb564-3d7f-4f17-9867-2002fa43c6e7,al,35295,bellward,cbellwardc7@disqus.com,1882.3
f77f0d54-31c6-4859-ad27-52b6ae7fdad0,al,35487,harome,lharomeih@ning.com,886.64
388f0e63-af46-4ec4-9f17-8163dc5e4627,al,35805,mewton,tmewtonke@fotki.com,1829.64
c8514e92-744e-43f0-af27-bde31a36732a,al,35805,lorenzetto,llorenzettojk@ca.gov,1714.96
3153178c-a3fb-44d3-896f-f39da69fe826,al,35895,bakhrushkin,obakhrushkin9w@amazon.de,954.36
fe680e71-4c51-4bfc-99a7-9b629419f048,al,35895,iredale,biredalec2@nsw.gov.au,143
016e54ec-3e84-478c-9eaa-82d280a9dbe3,al,36109,mcginnis,jmcginnisdj@digg.com,1411.16
37a8d11e-0452-4794-b9e4-9b3ef450179e,al,36114,altamirano,kaltamiranoee@ustream.tv,1579.64
9c03d9f2-d62a-4bac-9dfc-c3e361c766ba,al,36119,stonard,kstonard93@dailymail.co.uk,10.62
ddcec7e5-1795-4792-b4fd-ad331b19e67b,al,36125,tamblingson,vtamblingsonl0@example.com,644.68
d9769eb1-7fb5-432e-93d0-0d5dec9d8196,al,36177,tottem,rtottemhr@nifty.com,205.08
a622cf4d-019e-4e92-bd2c-a51b4235dec4,al,36205,heinreich,cheinreich1y@washingtonpost.com,549.12
9bf5ab9b-6129-4056-95c2-cf921d8d5750,al,36628,sidgwick,ksidgwick3t@themeforest.net,1591.22
03acde30-477d-442a-897e-ac184cb17f71,al,36641,bovingdon,vbovingdono0@geocities.jp,102.76
01b19c68-5cef-45a8-ada1-11b6cbf4e121,al,36689,kleimt,kkleimtfd@comsenz.com,465.9
2909d01a-8dfd-4d0f-87a3-51862b4e9d11,al,36689,norton,cnorton5c@independent.co.uk,530.5
17c52ea6-bc08-4645-9b34-7d94da9aa075,tn,37235,bleasdille,gbleasdilleac@yandex.ru,1225.58
2c1048f4-d9ac-4f7a-aa77-3fc78d82a428,tn,37410,mepsted,amepsted71@wordpress.org,996.46
b4afb4b9-6420-4693-8eba-6aec0662bfb5,tn,37410,skaif,wskaif13@cnbc.com,1331.1
49b2d1ae-97b0-431e-aa78-d7c7d489856b,tn,37450,beldan,dbeldanev@feedburner.com,980.4
b4bd8e51-df39-4e17-b542-94ae76716a2e,tn,37665,garter,fgarter8i@w3.org,676.06
d783364f-20b9-48e7-ae7d-460089465de3,tn,37931,morad,gmorad2p@indiatimes.com,215.68
30e64491-f83f-40d7-906a-c38323c45fbf,tn,38104,glassard,eglassardnx@miitbeian.gov.cn,1543.18
7fcddfba-ba74-4c5e-9fc0-500bbc359bdc,tn,38126,hanssmann,ahanssmanndt@ucoz.ru,22.82
ab15426a-1365-4608-93ec-9d0cd8bd84f9,tn,38126,keneforde,kkenefordel3@wikimedia.org,354.28
e120c1a4-ea6c-4b16-a191-525fc47ecad9,tn,38136,ewings,gewings5u@sun.com,1826.38
909b41ce-bf64-47eb-aae5-49866ff67a12,tn,38150,beecroft,cbeecroftlu@cisco.com,1410.42
8c8889d6-cee1-4044-97d8-8be4644ae575,tn,38188,putnam,bputnam7e@mediafire.com,1148.72
13c990ae-cdcb-4572-bb7d-b98050c84e06,tn,38197,stormes,gstormesq@un.org,1425.68
0fbdea04-9e7f-401d-b921-aef6280808ed,tn,38308,thurley,jthurleyex@apple.com,186.04
2df6b5fe-155e-4cd2-8785-b1bc9a9336ef,ms,39210,froome,dfroomej3@disqus.com,1810.08
05b35e56-f26b-49ce-9584-19f952140d86,ms,39404,hilldrup,ghilldrup12@icq.com,1681.64
d1d4dc63-3a88-4ea1-95a1-9aaacac08bc0,ms,39404,whitsey,dwhitseym8@printfriendly.com,178.4
1b3220b8-0666-4875-9368-28ef5cf07cc2,ms,39534,ludye,cludye56@cpanel.net,1611.56
48640b89-5e05-43ba-8a7f-782e98af16dc,ky,40205,shrive,gshriveqc@etsy.com,1940.94
b69ea716-3506-4fc2-8459-ef2da6da745d,ky,40210,de filippis,cdefilippisfg@cdbaby.com,1048.06
56a79658-0a98-4222-8541-0f13bd65202f,ky,40215,neill,lneillq1@google.cn,708.48
76462612-6b0e-4b67-b335-baa7b4798521,ky,40215,simper,asimpergp@macromedia.com,1846.76
a9885a06-5c04-406a-891f-780e918329d7,ky,40220,embury,aemburyed@eventbrite.com,2.86
1e82b707-6d93-4c1a-965f-bae97ec61317,ky,40233,sustin,csustincx@hugedomains.com,1560.14
daf4de4b-7050-42e6-9c1a-30945d305ac8,ky,40233,basillon,mbasilloni7@ovh.net,561.23
cb06e683-b7cb-45df-a75c-3e351ffcb9f6,ky,40266,lodin,alodinda@liveinternet.ru,911.48
53b8817c-d007-4a77-85f9-1cb1031d0c17,ky,40293,rottcher,crottcherhv@geocities.jp,413.36
317149dc-0703-436a-bcee-d01cd986a1ae,ky,40510,lebbern,rlebbernq2@paypal.com,674.66
44ba8300-9356-46ae-829a-fffd8d163769,ky,40510,kira,lkira3u@auda.org.au,578.45
61966204-ff27-4ecc-a989-0c352bd0cceb,ky,40546,aslin,waslin1e@prnewswire.com,1677.78
b4d83994-86d5-494b-9727-01fd8169914c,ky,40581,messenbird,bmessenbirdl4@miibeian.gov.cn,985.48
e59d91d9-2079-41cd-9acf-92fade2e6c7e,ky,40581,shitliff,kshitliffdc@infoseek.co.jp,565.32
1989cd7d-46e4-4fb6-a25d-990a5350e397,ky,40591,manger,hmangerll@edublogs.org,31.34
cadc68ec-7f49-4acb-a74d-c9b517c4dbd0,ky,41905,leve,clevebk@businessinsider.com,1642.86
ec64cae5-fea9-4905-ade0-107a56976857,ky,41905,kopfen,rkopfenqr@nytimes.com,926.74
bec15b3b-c1a9-406a-b119-8a7cf982fe71,oh,43204,kivelhan,vkivelhanr3@omniture.com,1374.48
65982c8c-45b9-4d76-88b2-a0581f31a0d6,oh,43210,whitmore,awhitmoreab@furl.net,1144.84
1eff41da-9ae3-4a45-861d-d74630760caf,oh,43268,fealy,afealy4l@si.edu,471.16
87b172c9-2f07-4d94-9624-2030b3c4a113,oh,43268,gutch,bgutchip@cdbaby.com,1817.38
639e4b4c-34c1-4d45-a230-cc18b3998aa2,oh,43284,fain,lfaingz@techcrunch.com,435.06
aa4281da-0a07-497a-8875-b92457eb56a3,oh,43605,bagshawe,ibagshawe6@narod.ru,77.58
ef2d9e53-d480-44c2-966a-cf51880f3b3a,oh,43610,puttergill,kputtergillp8@loc.gov,1956.68
5ae37f72-2c03-4001-9cfb-fcdcb5a37c9c,oh,43656,calendar,tcalendar3p@eventbrite.com,836.28
a2f2feb5-725a-4d52-9f3b-d3d4602ae565,oh,43666,endricci,cendriccib4@unesco.org,1342.06
cf333a7f-4859-4aea-8c25-cf0aafc28926,oh,43699,sipson,rsipson37@nasa.gov,1925.2
be8b16a4-3204-44c4-adc8-993647abb356,oh,44118,slateford,lslatefordh0@washington.edu,1998.33
0f5523cc-4cb3-4a9c-ac58-c3f085ff893d,oh,44185,mickelwright,amickelwrightam@biblegateway.com,937.94
f47d2780-8d83-4ad9-81d7-fc4110c485f0,oh,44191,spinola,hspinolaib@statcounter.com,1420.42
282b428e-9700-44ad-9779-5f9b17b70783,oh,44197,ashment,washmentp3@ocn.ne.jp,1880.48
3dac92d1-49a7-41ac-b5e4-19965bfae6eb,oh,44393,pembridge,kpembridgee2@reverbnation.com,1414.38
32e5150c-7e94-46f7-976d-51cb51362452,oh,44485,heasley,fheasleyhf@people.com.cn,73.12
3304b4d0-af6f-4a59-8958-236f6b239058,oh,44485,scawton,mscawton75@theguardian.com,1048.36
dbdc9f13-ee68-43b8-9ca1-2f1e6fb2324b,oh,44485,schrinel,mschrinel2x@wikia.com,780.88
853d08a9-fdd5-409c-8eb8-c3a9f29f75bd,oh,44505,laverty,claverty5l@canalblog.com,787.76
7bef71be-b739-4776-a10d-e9d104214f68,oh,44511,stace,vstacejg@deliciousdays.com,1900.32
60904be5-ccfb-406c-8479-168788ce4532,oh,44705,attwill,dattwilley@xrea.com,970.08
2db1ad17-a9cc-49c5-a239-7f41c75c98f6,oh,44710,cohr,ecohr48@wikia.com,1222.55
13d15dc3-644c-4ae6-8ee7-1b38e0308825,oh,44760,tayloe,ktayloefj@indiegogo.com,1213.3
457ff51d-28c2-4fd9-a447-952dd118182b,oh,44905,troak,ltroaklt@bandcamp.com,1176.74
103cf573-e648-45e5-b10e-7331d1b96d9d,oh,45203,bett,lbettq8@sbwire.com,163.1
080e1121-7c1a-436f-af7f-6e7e490a6c1e,oh,45208,gedney,rgedneya@1und1.de,470.12
3022f96c-e4c5-4678-9e97-e5dd8dfb17a2,oh,45218,chesterfield,cchesterfieldp6@yolasite.com,1229.24
61542f5f-882a-4ed7-8fb5-f45e84263004,oh,45223,mcminn,tmcminndo@unblog.fr,1589.32
7d64f54a-4e05-4f50-b8cd-6b5eede3c190,oh,45254,cornbell,ecornbell7f@simplemachines.org,1872.4
8b0b1c5e-8c99-4289-aeaa-472300f044c2,oh,45271,drain,kdrainoh@wunderground.com,573
e3e1aea2-9d1f-4154-b396-2b30797587fb,oh,45403,jersch,djerschny@who.int,1799.5
c214c632-7f67-4a54-937b-15bdc0a9e30f,oh,45414,mirams,mmiramseh@bbc.co.uk,381.32
c6ee2813-aeb2-4e9f-9a23-36730c25a3b7,oh,45426,cremins,dcreminsld@creativecommons.org,1378.26
0710ed70-76dc-4b8a-b60c-9db35be3d773,oh,45432,clemont,lclemontez@guardian.co.uk,150.4
7bf62a18-b9ba-4d38-90f0-4ff2046a0944,oh,45440,coggon,ccoggonnt@jalbum.net,1370.8
71b25d0a-36e8-4137-bdb8-b255c735a7eb,oh,45470,langdon,rlangdonbw@japanpost.jp,1903.42
f2b97c12-e852-40eb-a669-28be35b22b60,oh,45490,sanchez,msanchezd1@baidu.com,181.14
1404a587-e27d-4b29-8cae-58739c95d2a7,in,46202,titlow,ktitlowby@webnode.com,1901.12
4e0159a0-155a-4d00-b270-31f019a713dc,in,46231,weir,lweiref@merriam-webster.com,281.86
e963071d-48ee-4347-8f05-b0ec3465579c,in,46231,tulloch,vtullochkx@microsoft.com,1347.08
b4e8bbe4-2bf9-4764-87f8-6a4c6bff2403,in,46247,mcnulty,mmcnultyew@cisco.com,1000.04
77777b3a-f11a-41e8-b7c1-d469a2d7b29d,in,46620,crowcher,acrowcherf3@networksolutions.com,1699.46
0cd8f1f3-bae6-4f2c-a645-fddc040d3dd1,in,46634,bettinson,nbettinsonlm@free.fr,1510.36
c8115e38-b931-4ee1-bdaa-38aa1f85938d,in,46699,ambrogini,aambrogininl@utexas.edu,1062.34
54aa0210-5e4d-41cc-b594-603ad36fefb3,in,46852,merali,dmerali38@dion.ne.jp,1625.82
d64c5234-68c2-4d87-8de9-3f0f78efb335,in,46852,search,asearch6k@upenn.edu,1020.07
c1018489-3caf-45cc-8249-c954606b2d84,in,46857,perl,dperljo@bizjournals.com,1001.5
e591ef9c-e475-409f-8ba1-518e626e965d,in,46857,fyers,nfyers16@comcast.net,1285.3
41a2538e-1b74-4611-ac07-24b5b50c6dd7,in,46862,fould,mfoulddl@bing.com,1742
d5acdec6-290c-4c05-beee-b6a4dbce842e,in,47306,mellon,jmellonqy@mozilla.org,1818.36
f5212802-b71f-4341-beb7-a60355359fc6,in,47705,rigts,rrigtso9@cnet.com,700.34
245f8502-7eee-4ab9-b6f8-cc0ad47e6fe9,in,47725,haggerstone,whaggerstone6s@feedburner.com,188.98
4351313f-8854-47b9-8778-a8718c0f4ce3,in,47747,bodycombe,rbodycombe3r@timesonline.co.uk,936.78
b576ad28-ef76-4487-8e60-0bf3e7686dd6,in,47747,charman,acharman4h@marketwatch.com,1245.04
23312497-b2e8-4e97-97a1-92ec294649a9,in,47805,setterfield,wsetterfieldba@senate.gov,1856.3
28a6a878-1e3c-4873-bd19-3c47e06a36ac,in,47905,rigmond,trigmond95@typepad.com,386.12
7ba18ac0-a78f-451a-a038-1e1a48ee02f8,in,47905,muxworthy,mmuxworthy1z@storify.com,1677.26
36ad77a5-0b48-4b83-ae3f-fffccafb2e43,mi,48098,dellow,vdellowp5@bbb.org,1143.52
50686b95-f669-43d7-965f-142060863920,mi,48217,kapelhoff,fkapelhoffj5@sakura.ne.jp,537.06
49d5e1a7-c3ac-4582-8c07-a3726ff15ff6,mi,48224,matthewes,pmatthewes5r@tiny.cc,204.6
98b07658-fce8-4625-aef2-5c519a550160,mi,48242,richard,trichardh7@cocolog-nifty.com,1839.94
627d5a5f-e65f-47a7-aeba-20a5855de26e,mi,48267,cushworth,fcushworthfu@meetup.com,1414.34
e5c89384-c2ce-465c-b53d-a8ef734ff904,mi,48267,pedrollo,mpedrolloj4@rakuten.co.jp,12.34
5c053233-acff-4e4b-b735-f3f2a44bfb8f,mi,48275,henker,bhenkerfc@t-online.de,518.02
3af26f49-6939-4a42-ab34-e63acec5b7b2,mi,48295,mangon,kmangon84@ebay.com,940.72
e05879c3-f7c5-4e92-9745-ad027b5b90ab,mi,48335,sandy,osandyax@hud.gov,1039.36
18506e31-de03-4229-878a-d59da510d46a,mi,48550,henzer,lhenzeriv@cnet.com,30.74
aa0d1a74-3c7a-4cc1-a9c6-116d99e93c5d,mi,48550,human,vhumanko@xrea.com,1630.19
f9f1e539-1416-4551-ac65-fe79d502a78f,mi,48609,ceaplen,kceaplenki@oakley.com,35.34
13be1dd1-94e8-46f5-ad31-f64b2b11af2d,mi,48670,blaksley,fblaksleyo8@163.com,2182.29
0a3794e9-b2ab-472a-adf8-74d586a0b60d,mi,48919,sonnenschein,fsonnenscheinbs@hc360.com,883.06
87499850-107b-4107-a266-71af531818c4,mi,48956,kinnin,jkinninc8@paginegialle.it,103.24
351a6787-c10f-43a9-b3aa-99da9e666fb5,mi,49560,rosenschein,jrosenschein9y@meetup.com,215.54
ad07ac92-2ad4-476b-a403-fdee046c886e,ia,50305,etherson,dethersonic@harvard.edu,1975.62
1b508f7b-8522-42d7-84f2-78070dfb25d8,ia,50310,caudle,acaudlerh@nps.gov,643.69
ee128a4a-3520-4cb2-b980-cb7f1e83ceb8,ia,50320,d'antuoni,ldantuoniaf@goo.ne.jp,425.87
400a8d46-f847-4b9b-87a3-53a8bad227b1,ia,50330,blazi,sblazink@buzzfeed.com,1415.44
249dcf32-8b62-4b0e-971f-5128bef1287e,ia,50362,liebermann,hliebermannla@lulu.com,381.92
e331e175-a15d-401f-937f-68c06e1a6d2e,ia,50369,lovett,blovett3x@patch.com,1351.94
75c8cb31-5002-4e07-9ae2-98a9e6f58cc8,ia,50393,durrance,jdurrance6q@altervista.org,1703.32
837c9969-112c-45c0-aa8b-60d61818dbd6,ia,50706,pomfret,cpomfretf1@yolasite.com,1312.92
65a7d63c-28ad-480c-8178-7c671f02837d,ia,51105,breffit,jbreffitrg@vistaprint.com,846.3
8ccc2f93-35bb-447d-a98d-007a389ae5b7,ia,52405,matts,omatts5z@blogs.com,1158.56
f46d5281-ba76-4012-91be-b45937a84dd5,wi,53215,babar,kbabar81@indiatimes.com,831.58
781e9eb4-4b06-43da-ba1e-2b3f874aedf9,wi,53220,gabbitas,ogabbitas34@webeden.co.uk,871.94
b6cadc40-46af-4791-aa7e-df127fdd09b3,wi,53220,priel,mpriel1c@wufoo.com,732.24
f42b2729-bfb0-4d86-b010-752442662a75,wi,53225,mck,bmck2m@irs.gov,935.52
e74bab39-d5db-45d9-9611-bfe70e5d2b65,wi,53234,keaysell,skeaysell8r@ca.gov,910.52
36b2fc42-bd63-4255-89d4-532a94f95ca7,wi,53716,marchetti,gmarchettinn@vk.com,516.54
260fd0dd-e324-49ed-9942-215c03493a53,wi,53779,jedrzej,tjedrzej9l@tinyurl.com,1090.2
83a13dc1-576d-4d93-817d-91a2a606739f,wi,53779,carlos,acarlosbq@seattletimes.com,701.68
7f8fc3dc-635e-4687-ae80-91f8c962fb81,mn,55123,nouch,anouche6@ning.com,1415.6
82aa5029-98b8-40c9-b5b3-d03385a945c4,mn,55172,major,jmajor7t@arstechnica.com,1071.26
0eca8683-1b5a-4ac9-8089-88640eadd15f,mn,55188,fullun,afullunqe@homestead.com,747.98
b8aff539-a9dc-4885-87df-912a78cd2c81,mn,55417,shepheard,cshepheardoz@google.ru,360.48
462a5a80-19b4-4267-9184-4c6809dd165b,mn,55423,talby,stalbych@cnbc.com,1724.8
0d4def19-d26e-43aa-ac2e-a828b8f3a5e2,mn,55428,faill,gfaillcy@ucoz.ru,580.91
6588c8d8-e1b4-41e6-8483-7d272cb51836,mn,55428,vispo,svispobd@weibo.com,1066.98
9de9a3d6-26ee-47b1-a138-e842fa96eb0d,mn,55428,smith,asmithr5@about.me,76.04
fe12533a-81dc-4a8d-814b-59aa200193d5,mn,55428,stothart,astothartgq@phoca.cz,511.54
647899a6-5c5f-44e6-bc70-317a1d429cbf,mn,55480,matous,cmatousg@myspace.com,441.16
c6482ffd-9677-4b1c-b136-1351c6abf0fb,mn,55487,willacot,nwillacot61@quantcast.com,453.6
85a7c17f-8f0c-4755-84ce-1e77e754f01c,mn,55551,wyborn,lwybornnf@earthlink.net,1585.46
7413f676-3ae1-46bd-8eba-45fab42a333f,mn,55564,dimitriou,rdimitriou8t@dot.gov,74.52
b7225b41-d235-4b37-aac3-96098a5bf941,mn,55573,fones,jfonesf5@umich.edu,773.41
9a2a7da4-1d69-4ed2-9c2b-fa8862804362,mn,55585,camerana,ccameranamm@cnbc.com,478.28
9d5a0e91-e9d2-4804-870a-cceafa3b7a7d,mn,55585,winterson,awinterson7h@blogs.com,8.9
9d957f4a-3aa0-49b5-b537-95228c34e821,mn,55598,lowthian,clowthianmu@histats.com,1141.56
9721fa91-f0e7-4ab0-b892-031ed3872931,dc,56944,gouny,egounym2@mysql.com,335.34
060ee20e-166f-49c4-8d06-97e941a9d34e,sd,57188,culter,jculterb1@nytimes.com,493.7
e58dbc59-0024-4a71-ab9d-e002e84aa2ce,sd,57188,lansley,clansleycp@quantcast.com,617
432facaf-12c4-4e22-865b-14d02ed08f3e,sd,57193,brayson,tbraysonbe@redcross.org,1337.3
ea0ddc34-20ef-4d4e-84bb-2111793bbd70,nd,58207,matussevich,bmatussevicha4@gizmodo.com,1673.16
70a3288d-3e71-4812-a423-e5fa370c6430,mt,59112,way,cway6h@smugmug.com,275.44
baea72e8-3a7e-451e-adc9-24bb8e46dcf8,mt,59806,wyd,wwyd1j@reuters.com,1368.1
ba442dff-be40-47e9-b5ff-711e11f9db56,il,60078,humberston,chumberston8h@pcworld.com,478.22
de53a287-f256-4e32-a4da-8437dac40ea9,il,60158,yarnley,ryarnleydg@buzzfeed.com,1230.06
dccdf8e3-0ac9-4924-8c13-8fe3f09c3a08,il,60351,ruske,bruskecg@wikimedia.org,677.14
faab193e-648f-455e-a006-a31b833e9e30,il,60567,bullar,cbullar5b@myspace.com,1863.16
2135df7b-a4cf-4a57-9c76-987b20ece1c7,il,60604,girardez,sgirardez9e@infoseek.co.jp,719.18
f60c5dd0-56c8-45b0-9e12-630031c3cdf9,il,60604,skeat,fskeatky@sakura.ne.jp,1685.98
94507df8-8dc5-45eb-b0df-cc6b3e7bae78,il,60652,mitchelson,gmitchelsonmh@blogtalkradio.com,178.92
1a4035a3-ccd5-451c-9b4b-de742ed4c1de,il,60669,o'cahill,socahill2w@europa.eu,1231.72
edc1225e-41e1-4616-9210-36f44dff434f,il,60686,harold,dharoldoi@issuu.com,1546.64
4ddac301-9654-412f-b0b4-88d83adaec8a,il,60691,spurnier,bspurnier6c@last.fm,683.38
e2823a5d-c932-473d-9890-8c82a61b5443,il,60691,merida,kmeridaec@meetup.com,99.84
ce842e2e-4580-4a71-b1ec-7e300bbfae3b,il,60697,banfield,pbanfield9c@whitehouse.gov,1203.64
a0187ff0-7882-45f9-ab4b-be22e6cb4310,il,61105,de mars,kdemarsdy@tripadvisor.com,1443.56
027d4c55-db2d-42fa-bfd1-ee46b7ff8695,il,61605,rigeby,krigeby4g@wsj.com,915.32
efcc4a1a-6708-4ebf-a999-88dfc8f23ff0,il,61614,francisco,ofranciscoc0@simplemachines.org,621.2
b31b1ebf-fa60-462c-8bbb-a7b4e4481a9b,il,61629,glancy,sglancyqi@toplist.cz,558.36
bc6ef0f9-47bd-4104-b805-e71822b31482,il,61640,renzullo,drenzulloph@msn.com,140.98
978572a1-d51b-4d7b-9a51-a81cb5fb4598,il,61825,mcasgill,cmcasgill6b@reverbnation.com,1254.84
7a960aea-ddb0-425d-b1c4-957c21e0cbb1,il,62525,layne,alaynejn@ed.gov,1140.3
a087a341-850c-406e-b782-a991470a5de4,il,62718,langsdon,glangsdonm9@un.org,1083.76
1d63ce57-c0c0-4ec1-a1b4-4f8a33657e57,il,62723,moland,hmolandbu@techcrunch.com,1137.08
c5440c4a-babc-43bc-a759-f5ba70b30641,mo,63104,dryburgh,ddryburgh2i@typepad.com,421
ce62f6f2-51bf-4fd8-8468-73004c060945,mo,63110,doyle,cdoylecc@wisc.edu,111.6
a78606a9-abd0-4319-b568-c56af13c8e59,mo,63131,stickler,jsticklers@yelp.com,857.98
411d941a-7796-4fe7-9da5-2949d47c4498,mo,63158,kennford,bkennford4v@vkontakte.ru,1497.52
757acf7e-12af-4cc5-844d-2798f607fc8f,mo,63158,gollop,fgollopro@over-blog.com,320.66
53293015-8d20-4392-a6c4-3d0d5f1b5ac3,mo,63167,challener,mchallener3c@washington.edu,1015.72
9966be5f-f142-4534-b452-fe52e618832f,mo,63169,verdun,cverdunpt@dagondesign.com,259.1
53c8d697-7b86-4f5c-a67b-d9bb5050f5ce,mo,63180,pilger,xpilgerhp@howstuffworks.com,1842.34
c9390c6e-7434-4bf5-aede-929674cddfc4,mo,63180,timmermann,htimmermann3k@nydailynews.com,149.52
d5ab4ab8-a390-43dd-bd18-bf8e97140ef7,mo,64136,klaaasen,rklaaasenpx@facebook.com,300.18
ef455fd1-81d1-46b4-a273-bf3883ec79d9,mo,64142,purcer,dpurcerlf@plala.or.jp,289.86
f9c616b5-658d-4d8f-81df-162f23d29c83,mo,64142,cayley,wcayleyk2@dion.ne.jp,561.32
c29d9fec-e17c-4aee-9d56-b2e84bfcfe6f,mo,64160,eldredge,beldredgeis@themeforest.net,1982.3
f32559f3-58f6-489d-935e-419aef5db05e,mo,64179,pevie,lpeviek6@usgs.gov,1566
b6c1230c-8353-441b-bb98-cb826984d7e7,mo,64199,bootell,tbootellgh@mozilla.com,241.7
a1045e7b-6dbf-437b-97f2-3cedd00b1031,mo,64504,soots,jsootspm@paginegialle.it,1678.12
ba37fe12-15e8-4c37-9e95-dffa1f210852,mo,64504,richford,arichford6d@ocn.ne.jp,1605.06
16ca2de5-5d37-465f-a857-087e5a2afbef,mo,65110,barrowclough,zbarrowcloughdb@so-net.ne.jp,701.36
0ba66ed3-9936-4b4a-9370-7ab48e3916eb,mo,65218,kunert,jkunertnv@wikispaces.com,248.58
40f5a23a-8522-4723-9e3c-c4cb3127afd5,mo,65218,slay,zslay5g@mozilla.org,1597.26
c3b510d6-20d6-4586-9231-9c73e4833224,mo,65810,sirette,ksirette3n@de.vu,783.94
940be45b-f934-4ff4-9d93-2e6eb3707e38,ks,66105,diamant,hdiamant9@google.com.hk,504.44
dfb9e615-3622-4fe0-9172-d4b6b312c1de,ks,66160,mozzi,hmozzi25@slashdot.org,1717.98
52f7b63f-34cb-4a39-bfc5-05f405cf9e2e,ks,66205,caldron,ccaldronh2@so-net.ne.jp,1286.85
b68f4cea-103a-447f-9a2a-9b60315547b4,ks,66276,kerrane,lkerranenb@vistaprint.com,715.44
c0e42965-665b-4cc6-b4fd-360df30ef444,ks,66286,cowap,rcowap4u@nyu.edu,390.92
e87e0bf6-528f-4736-8adf-cdbb49eae84c,ks,66286,pynner,mpynner2d@livejournal.com,694.4
92a38ef3-e5f5-48d2-85f1-8a92feb0491d,ks,66611,farnham,mfarnham2z@scribd.com,375.46
1af580d6-f939-40ec-8922-eb227a866c1a,ks,67205,muckloe,rmuckloe4k@nytimes.com,1681.28
8fbd91dc-9d2b-409e-9a9e-9868b752dc39,ks,67210,wynn,dwynn8n@bloglines.com,1861.07
cd88d157-26c7-4970-9726-5ca6d1ded46e,ks,67230,currier,tcurrier4w@icq.com,955.8
1fadf4ed-bd8b-4400-972a-07d1e37e1577,ks,67236,pownall,hpownallg1@eventbrite.com,1114
56787148-09b4-4863-b56b-d1099b6aa020,ks,67260,marchent,rmarchent9v@uol.com.br,831.94
a67fbcf0-a79e-46df-b875-1a4fe986d58f,ks,67260,mckinlay,tmckinlay8g@wsj.com,1007
0407475a-121e-444c-afc4-8ef13bbf2645,ne,68117,crich,scrichpj@chicagotribune.com,1842.22
fb8462ad-b688-41d4-bc20-596630fab619,ne,68134,wickey,awickeyn1@kickstarter.com,548.76
40bbdde1-42a8-43b3-856a-5372d775a954,ne,68144,de filippi,pdefilippi8b@about.com,1714.44
34cfd075-f6fa-4847-9f0e-3fecd3e1733c,ne,68179,jorgesen,ijorgesenjt@earthlink.net,1666.02
be73feef-ba76-4a52-849b-e8027ade3b04,ne,68531,perrett,fperrettq0@webmd.com,1697.32
e8ade3cd-3a2d-4c35-b993-330c1f2ea95b,ne,68583,holcroft,cholcrofthm@scientificamerican.com,959.48
c1cb3560-0798-43b7-8c01-eed2d79f0d73,la,70033,simmgen,msimmgenoo@last.fm,157.78
b8208188-318c-40dd-be79-b503dbd9e606,la,70116,whimpenny,kwhimpennyks@sciencedirect.com,1747.22
356f393a-29a4-40d0-97e3-e5a9a0c53bc8,la,70129,tapsfield,wtapsfield39@hostgator.com,929.16
bc651e3f-35d3-4ead-8165-359cc5b1963e,la,70129,pittam,spittamct@epa.gov,1390.56
bee0fc94-e1b5-4b35-8c02-a88c44b5a1af,la,70129,sandom,wsandom32@buzzfeed.com,219.84
fbeec199-6de8-41c3-a8f8-dc9f859fe729,la,70129,simonel,gsimonel7b@instagram.com,1650.96
d7fc4a3e-3559-4e56-ba09-6ce528ec48d7,la,70142,royan,kroyanqq@nbcnews.com,1655.98
e9cf7a5c-c631-4ce5-996e-d60edfc0b358,la,70154,dobbins,fdobbinslr@ustream.tv,165.58
3fbb8a34-9cf5-4a23-b300-0f4ab24e8061,la,70165,dunmore,mdunmore7w@tinypic.com,321.48
1271673e-d80d-4c80-89f4-87934ff3aade,la,70505,foulser,gfoulser3m@1und1.de,1744.42
3fab002a-b80c-4e16-8a5b-e447c950d6c1,la,70505,riggoll,zriggolli5@zdnet.com,1143.2
68102b87-0b50-439c-bbab-8bd050a50ea9,la,70505,rumke,vrumke4e@mashable.com,1260.64
10869909-81d4-4a8b-9f28-0f5b819513ec,la,70593,quakley,mquakley2l@army.mil,666.12
e297a623-bb01-4622-96f6-c08c355cf410,la,70607,loude,kloude1v@devhub.com,1198.98
01888f5c-06e1-4145-9162-82c46bcb699d,la,70616,lurriman,alurriman2t@china.com.cn,306.02
ac4fd7bf-02ec-4df5-973d-98c49219064b,la,70810,trett,btrett8k@about.me,816.22
e23fbe51-a5e0-4665-9368-7e5cbe352841,la,70826,pfertner,jpfertnerd4@nymag.com,1461.2
8043552d-d9c4-4906-9daf-a32d4a7be96b,la,70883,monteath,dmonteath3s@ed.gov,159.68
9f7a4525-0a5a-414a-a09c-c1fa81a43860,la,71137,cartmill,mcartmill26@flavors.me,557.36
6de3bd72-1c24-44f8-bc1a-c9ba1e68496b,la,71151,pierton,npiertonjz@google.fr,35.98
aae3aa82-d045-4306-83bd-bd0951f6ef2e,la,71161,picken,cpickenpv@flickr.com,379.94
d6cebceb-5b6e-4768-a660-e742ba856811,la,71161,osgar,josgarhg@360.cn,1014.26
43517525-fb2b-4366-840b-7736427a2e76,la,71208,perin,fperink5@issuu.com,726.78
381c3562-fbda-45dc-a469-f2c20014357a,la,71307,veldstra,mveldstradw@telegraph.co.uk,649.98
145dc79e-1a67-44ab-b9ee-40d551fd0694,ar,71914,dinley,idinleyio@gnu.org,907.64
6c4d6b14-fa4d-4386-a589-f468eb392e60,ar,72222,denzey,gdenzey4a@wikia.com,568.44
a0845840-ac21-482d-9e8a-a50c1d1411b0,ar,72222,haig,bhaig8q@themeforest.net,1947.08
2d69fd8b-0cbf-4126-a52a-67bb290671ef,ar,72231,garside,rgarsideds@usnews.com,1350.3
b5c32ded-e769-4c52-a553-e34b548280d0,ok,73114,archell,darchellp7@ameblo.jp,1843.2
4c2f55cd-4ee8-40c5-b2c4-26521ef5e7f9,ok,73135,mackenny,vmackennye4@samsung.com,1801.3
d9ecd2dc-d913-430f-adaf-9d534957bc35,ok,73135,udie,rudiems@elpais.com,1570.32
e1880e9f-7800-44f7-b30b-defadbbc747d,ok,73152,andor,landork7@cloudflare.com,1986.38
e4e4f2e5-54f9-49d1-8e92-985e839e86b2,ok,73157,critchell,rcritchello6@nbcnews.com,8.94
7129a392-1226-4d54-b619-8f5e25d5a51f,ok,73179,houson,phousonm1@ask.com,615.47
8a7ce658-6ee6-42ce-932d-315975d3dee8,ok,73190,fidelus,cfidelusfv@chicagotribune.com,801.54
024924b8-0da4-4724-9bc3-3359ba58045b,ok,74108,jaquin,tjaquinrb@studiopress.com,148.5
8259a870-e95b-41a8-b079-c03fe1c40570,ok,74133,josefer,ljoseferq9@hud.gov,1883.94
39a5b34c-97d0-43c5-ac91-17f822138b9d,ok,74184,ferriday,mferriday47@wp.com,1136.42
999f6426-8e17-40c0-bed8-a43e33dc21ec,ok,74193,georgievski,rgeorgievskiz@histats.com,763.9
bcd5b64f-a1dc-40b9-b7b3-02aca517e77f,tx,75205,tidey,ltideykk@java.com,1112.92
ef8fbd4d-c9a2-4904-a90b-b42526d454b6,tx,75216,cargenven,mcargenvenoe@cbsnews.com,706.14
6906f305-dba6-4ea8-9440-f91d776b1735,tx,75221,abdie,gabdieng@amazon.com,1653.04
b768f2c6-3f4f-41ef-a303-794988cc5b22,tx,75221,martino,omartinofn@quantcast.com,725.88
c39e389a-5bb6-4c56-9141-4be9666fd1ed,tx,75241,gerold,kgeroldi@taobao.com,1317.86
1ae8f3c4-5b95-4aab-8cb2-89870626766e,tx,75246,cockings,hcockings1@is.gd,1085.74
875f467f-3d7d-4b17-b536-878830009f60,tx,75246,conlaund,yconlaund8v@unicef.org,1849.9
11091dbb-a34c-4639-8840-ccd0f0e10e47,tx,75251,davison,mdavison2h@hugedomains.com,1825.82
56851f36-e52d-4ac1-a22c-cf0aae3b362e,tx,75260,ivoshin,bivoshingt@vimeo.com,1144.04
817da604-acd3-4dae-8c08-450047f02d20,tx,75260,walters,awaltersc1@blogspot.com,1144.14
e6c5b656-8e57-40cf-8966-79c6856e1dee,tx,75287,eadmeads,seadmeadslx@foxnews.com,1851.72
083f4c33-44c2-4c0e-84d3-23363588a265,tx,75353,jeggo,njeggo5f@reference.com,1882.34
f54acd65-bf23-42c1-a6f9-0d91ddb2778e,tx,75353,joannet,djoannetfb@over-blog.com,807.7
80b18b57-0597-4f31-aa7f-d435e49d5516,tx,75358,macalister,vmacalisterju@whitehouse.gov,1762.66
d4ecb8b9-1baf-465d-b4bf-2934857e66e9,tx,75367,maccoughen,tmaccoughen79@techcrunch.com,762.49
da606a4b-3f59-4be5-bf2b-ba2df87461e9,tx,75367,crichten,lcrichten4x@imageshack.us,223.22
eb915812-eb24-4cb7-97a6-773e61a98aa6,tx,75705,gascoigne,kgascoigne74@google.pl,1576.08
8f461518-959d-46ca-be4f-94707dc74b98,tx,75710,dutnall,bdutnallie@nps.gov,1221.25
12347098-3d27-4ba6-9215-601d2f370bbb,tx,76004,towler,atowlerk8@latimes.com,526.32
73d27208-e878-4fdc-9bc4-67574eba7d82,tx,76105,corinton,ccorinton73@bravesites.com,1592.14
d34e6ce4-e16e-48dc-90dd-56411f259e6a,tx,76129,leggen,aleggen9q@twitpic.com,1266.84
fb9952ab-f194-4628-a591-b378dd9f927d,tx,76129,coot,mcootbp@newyorker.com,2046.5
bf6e6f90-265c-4a2f-bb89-d1846e887032,tx,76134,jaffa,vjaffanj@goo.ne.jp,1300.06
4c64a9bf-27ff-452e-ab39-0440cdc5ee1e,tx,76192,paten,dpaten6a@desdev.cn,1968.74
a1c3717d-7fda-4e3f-a4f8-f9ce814b28c0,tx,76192,entwisle,eentwisleou@who.int,1214.96
bf75381c-a411-41e6-8307-6721d56f9a5c,tx,76192,smails,tsmails6y@addthis.com,1275.41
1dbcbe02-ed94-4e08-a9ab-c1e3c99a83c9,tx,76505,hartwell,ghartwellfr@tumblr.com,1326.16
c6651a38-012a-4daa-84b7-12b72c70f7db,tx,76598,kemmer,jkemmern7@drupal.org,1792.76
bfd12c89-a174-420d-83d5-7cff52d1c4f5,tx,76705,denyagin,mdenyaginay@businessinsider.com,333.24
7843768c-87b2-442d-883c-157882976070,tx,76905,stollery,lstollery62@hao123.com,529.16
2a46a8ec-154e-4e68-aa7c-9cdd49ba7fa7,tx,77015,loren,blorenpp@vkontakte.ru,452.14
11c1998a-c0ce-449d-b038-4b2b5dcb6bf1,tx,77030,frankiewicz,gfrankiewicz6e@hugedomains.com,1900.24
dec15d3a-f531-4e84-baf9-b62688ef47c7,tx,77030,martinek,amartinekps@addthis.com,1529.14
52452dcd-07fc-41bc-91e4-4111224f9cf8,tx,77035,mandrake,rmandrake6x@bandcamp.com,1362.31
3c1dea04-4049-4f61-a4ba-a1c91eea3896,tx,77045,cattach,ecattachre@mozilla.com,89.74
09d28e3f-ca17-4c95-bca6-104d88ea8d28,tx,77060,levee,kleveee5@reverbnation.com,515.48
2ff795b5-3717-4db2-aceb-0708f34da914,tx,77065,trahair,strahair27@sfgate.com,1773.5
6a958251-eddc-4895-86cb-bc0b0d55b070,tx,77075,burnel,sburnelgr@livejournal.com,663.54
f446d81b-b908-452e-bcce-9e6e7a7e55bc,tx,77080,kuhndel,lkuhndelal@timesonline.co.uk,1995.92
17d82415-8a58-43b2-a75f-01f3dd51cb91,tx,77085,mcdowell,gmcdowellg3@wordpress.org,1076.2
b038cb3a-cc3e-4043-a2cc-d830c53bfdb6,tx,77090,zmitrichenko,bzmitrichenko70@census.gov,1892.54
c7cc8135-3f0f-4c1f-9c5d-a98b3091404d,tx,77090,orknay,torknay5n@dropbox.com,1383.3
231de1c5-1b8f-4109-99e4-d7e2cb8966c9,tx,77206,brockton,jbrockton2u@blinklist.com,2.7
81873ef6-108f-4853-aa21-11388e1995b2,tx,77228,gorner,agornerkv@livejournal.com,1670.22
e8b2ed74-5d6a-4dda-a58e-8c46f1f15a0f,tx,77228,glandon,hglandoncj@diigo.com,933.18
f1c403f7-5789-47f9-b51d-c1d30d8ff46c,tx,77228,anthonsen,ranthonsen6f@imageshack.us,1452.24
3825d477-9b93-4be1-8150-5d1e4b187bf4,tx,77240,danett,rdanettjb@usda.gov,1420.8
c3922cf4-fe1f-4790-aa09-371f6afd4314,tx,77240,mallender,nmallenderjq@slate.com,1294.04
af95d101-3dff-48be-a842-9d51038a9ce1,tx,77245,vickerstaff,kvickerstaffqg@tmall.com,1281.76
76128b05-084f-4df3-b017-52aa2b390374,tx,77266,frayne,nfraynejx@toplist.cz,1090.4
4f3774b1-93c6-4b43-9c41-e708e8fbcecb,tx,77276,mcveighty,cmcveightyg4@i2i.jp,562.98
e3dccf6a-6eec-4623-a17b-420c5a6a0876,tx,77276,aylmore,raylmorehy@google.com,5.88
ba769c90-273d-41a3-9b18-3e0566e141bc,tx,77299,parfrey,rparfreyeg@delicious.com,1231.48
b464dc69-9b0a-4fb3-80f5-4ea60d018ce4,tx,77388,gianulli,sgianullic9@smugmug.com,616.06
345e96bc-198a-4d3c-9322-fd0d30bbca79,tx,77493,benko,mbenkoj2@webeden.co.uk,1148.08
87366f13-b753-46be-baed-66776b886f3a,tx,77493,elfes,velfes5o@geocities.com,267.62
74b62e56-4077-4584-a785-83e9cdb02e61,tx,77705,van de vlies,evandevlies5h@printfriendly.com,709.64
f562be67-b094-4955-aea4-782567573927,tx,77705,pecey,dpeceyer@dmoz.org,1943.76
c83adcc2-60fb-4963-a814-3c3d978455b4,tx,77844,abeles,kabelescn@unblog.fr,1467.38
3d0f1204-c26d-42bb-8b2f-cb9eff9cd0b1,tx,78044,de witt,wdewitt2n@comsenz.com,333.1
8b84085e-57e0-4aae-9a20-2a8167e1dfa5,tx,78205,ablett,sabletti6@shareasale.com,287.66
39ed84e0-ca59-4933-a43c-24741a235d7f,tx,78215,gilardoni,pgilardonih8@cyberchimps.com,1733.56
6b4b8684-7c5f-4769-84a8-f66ceb76112a,tx,78220,westley,jwestley36@netscape.com,1332.26
fe7fed97-4dd4-45e2-94e0-d38ba5f618b4,tx,78250,bondy,cbondykg@ebay.com,1053.46
41fd2c6a-8a47-4bfe-af31-13add1ba12d0,tx,78278,konig,akonignr@washingtonpost.com,1014.64
6fe9cc17-3ebb-4e7e-808f-93b01b9389c8,tx,78296,dumbarton,gdumbarton6j@umich.edu,926.36
e2f3b027-46e7-464b-a9df-61b74b2a92d6,tx,78415,guisler,rguisler1u@aboutads.info,706.44
ff73e158-7112-4fd5-b139-d524e88d433e,tx,78415,gossipin,mgossipin83@lulu.com,1557.88
eba9435a-61d7-4009-92c9-435513c1a5e6,tx,78426,laurentino,olaurentinobg@qq.com,1028.02
541f1939-710f-41fd-8c32-f598ede00283,tx,78465,mcquade,cmcquadef9@woothemes.com,322.82
6af1c870-4440-4ea8-9e57-5cf8c0117fb4,tx,78682,scryne,tscrynem4@fda.gov,889.38
7020d5cd-0b6a-4dc8-8e31-48e286428541,tx,78710,dawdry,pdawdry2@liveinternet.ru,538.56
40c8e959-8543-4497-a5d6-519974db5851,tx,78749,dunaway,pdunawayci@kickstarter.com,185.04
4b078416-c1a4-4afc-9723-c05762c90f3c,tx,78754,arnli,larnligu@github.io,1541.94
bc21351c-1df4-4c54-8c3c-bb3fb2b0234b,tx,78764,vittel,tvitteleu@xrea.com,1140.24
26ca7602-0db9-4194-bd37-bc195a89e852,tx,78769,mossdale,hmossdalehc@about.me,1113.48
b47062a5-e669-4a4a-82ae-bbd8e1ba53e0,tx,78769,sharpling,msharplingp1@ustream.tv,614.28
b2b8ef6c-32a9-4c71-a1df-ee0333cb7153,tx,79105,ewert,kewertlb@nih.gov,1057.7
dc6f6789-cc17-4769-9e59-b4041d80845b,tx,79118,holyland,iholylandag@desdev.cn,224.16
deb70753-a66c-46fe-a681-2417f87b164b,tx,79118,cluckie,scluckie6t@umn.edu,464.72
21f93549-9677-4ec5-9d9f-d9236473cbe7,tx,79171,brimmell,bbrimmellaq@unc.edu,1244.6
8c5c50a8-3523-4fb6-8671-674591ca6c0b,tx,79171,govett,jgovettmj@constantcontact.com,349.02
0a9fe182-0598-43fb-ae6c-089dd0101906,tx,79410,dargue,mdargue97@chronoengine.com,1139.86
c3848e90-fa07-461a-ad93-712ef309dbef,tx,79605,guiot,mguiot5q@time.com,677.24
a8607efd-6725-4211-82fa-0d66f9ebdf37,tx,79699,braunroth,lbraunrotho7@businessweek.com,1729.94
3843f49e-56a5-4e22-83ea-1c668658fe38,tx,79710,fenkel,sfenkel29@shutterfly.com,1650.7
8e5af68f-7ff3-47ef-a713-92a94c8bd8eb,tx,79710,sherreard,msherrearde0@psu.edu,1630.44
cac1cb45-d60b-4b78-9883-52c101ecb57a,tx,79710,durn,hdurnp9@rediff.com,48.72
af427516-75e0-464c-8e25-6e794ba6ffc0,tx,79916,quest,cquestkt@scientificamerican.com,1761.96
c2069bfc-c6c1-44fe-8863-d24068adc36c,tx,79916,gantlett,kgantlettbf@360.cn,1453.54
913810cf-e0af-4e6a-a03c-77cb38693adf,tx,79923,sansom,csansom42@boston.com,593.56
e442a822-4ad3-464e-b6c5-859f56ccc55b,tx,79950,braven,dbraven8@bigcartel.com,770.06
d3fc3538-0bc6-4d68-bbb0-6ad1c83fdf56,tx,79977,willarton,swillartonas@mapy.cz,1648.16
b93a692b-c204-468e-88a2-f7c87057284a,tx,79989,brute,bbrute9r@bloglovin.com,1134.5
0bdb2ecc-ca68-4ddf-a20d-2505f15ae74c,co,80005,kiendl,rkiendlj8@opera.com,1964.14
780d7f08-9c0e-435b-bb53-855b2cf808d5,co,80044,roads,jroads55@thetimes.co.uk,680.1
da6d835a-e070-4288-b7c7-af7bf59bbbbe,co,80044,snaddon,msnaddoni0@google.de,1167.36
530ce9ef-213f-46e4-842b-4ddaf7bbe8f2,co,80045,skally,jskally7y@intel.com,1642.82
00541b47-91d9-46db-855a-2fb333d61b71,co,80126,tattoo,ptattooav@netvibes.com,1326.94
0f718e15-19a3-421b-9be0-1743872e3696,co,80126,michelotti,mmichelottije@shutterfly.com,861.6
582fb5d5-75c6-49c5-ba96-435147447eb3,co,80127,whittock,ewhittockrl@constantcontact.com,1506.53
6331d6ee-1f97-476f-802c-f6869a63b9d9,co,80150,garn,mgarnej@tumblr.com,909.62
72e501ba-0187-4dc8-8957-e2ece2406c56,co,80150,warren,awarrengg@ask.com,929.68
8febc68d-a46e-473f-8581-bfc851e2aa85,co,80150,ivankovic,bivankovic11@hao123.com,374.44
ca98268e-31b2-49e3-87f5-c0b2d1311b4f,co,80150,bausmann,kbausmanna8@woothemes.com,1016.22
592ae878-a799-4471-b82b-856fd24acc1f,co,80209,alessandrucci,mssandrucci9o@bandcamp.com,492.42
30b77f63-fa6f-4884-bcfe-4f57c9e0b044,co,80217,brobeck,sbrobeckbc@sakura.ne.jp,595.68
48f7b5d1-bc19-44c9-b05e-650462553318,co,80223,hatwells,rhatwells4z@tuttocitta.it,1603.74
c792f050-9e98-4ace-a779-0773c5d22018,co,80228,spon,psponht@telegraph.co.uk,1066.5
87b0f479-3b08-425d-896f-326d10dbfc89,co,80241,cashell,jcashell7a@chicagotribune.com,1101.18
e49a5384-ff08-4e13-8639-9a5594499ec7,co,80243,millican,cmillicanei@amazon.com,1031.4
14d94e66-f79f-4184-b58a-30e324c40979,co,80255,ballaam,zballaamlk@craigslist.org,143.54
04195708-ca00-4fab-ab95-95f9b8f5220c,co,80310,leworthy,fleworthyr8@t.co,529.78
d74ce293-3ea1-46d8-959e-9235c01695ec,co,80310,fickling,bfickling5a@t.co,1066.16
12bf271e-7188-4c2d-bab1-cbaeb6b8e04f,co,80638,edmeads,kedmeadscz@earthlink.net,1966.72
2c971dce-cdb2-4176-8501-7366b93d7d21,co,80905,mehaffey,wmehaffeybl@moonfruit.com,1750.78
bd946361-7411-4fa3-a61b-c47dd43666a3,co,80915,joriot,ljorioteb@nps.gov,1236.5
d930a1c3-92c9-4dbd-87e3-186218920dad,co,80915,korpal,dkorpallj@dailymail.co.uk,517.06
0f3f4338-208b-4d9d-a99a-83463435c8a3,co,80940,patershall,spatershallbj@blogtalkradio.com,485.3
391c5b95-6d77-4821-8cf6-5c3eeac75c2a,co,81010,pickervance,bpickervance22@auda.org.au,292.14
b73b8f3e-2341-4c23-a0f1-292283a70831,co,81015,mcnern,bmcnerniq@woothemes.com,936.48
76f1b789-6326-4d02-bfec-f48fa3f8f0ba,id,83711,faire,cfairerq@oakley.com,30.32
2b7f2902-6c20-41cf-97cd-709c4b6e696c,id,83727,driuzzi,pdriuzzik0@linkedin.com,651.08
858a1659-01ba-493c-b39c-787247dc00be,id,83727,kenworth,skenworthc4@163.com,1472.46
a91b10d2-208b-4b6b-9391-36f2cc134c85,id,83757,meo,emeo6w@blogger.com,1497.26
32d67150-18a1-4f93-9828-9ac13e9db267,ut,84105,cawthera,bcawthera3d@globo.com,1648.8
3c1c509c-5358-44c7-a131-03e7f48ccbed,ut,84115,hembery,dhemberyn4@nba.com,1165.6
620f1796-8f14-45cd-abfc-5b84da17c63d,ut,84130,hancock,hhancockqv@google.com.hk,1229.46
3e5b9ed7-f11d-4b3f-8f46-cc7626ee4d38,ut,84189,ivashnyov,divashnyovgl@pen.io,413.26
9e6d8f07-a52e-45af-9c53-65c7945632e8,ut,84199,soeiro,psoeiro44@nps.gov,421.38
89f10270-ccd2-42a9-8636-732eea26f007,ut,84605,draxford,adraxforddm@amazonaws.com,537.58
bbe15244-59f9-4c87-aad2-db3cae45292d,az,85030,macaless,mmacaless67@trellian.com,487.08
dfdea0f0-2373-4762-8d29-4699087bd665,az,85030,patters,tpattersft@lulu.com,1095
e9eaf826-3fe9-436c-b7ca-35efc34216aa,az,85030,selwin,dselwinbm@rambler.ru,782.62
eb11793d-247a-4f9a-b4ad-5dbbdc57a667,az,85045,schreurs,fschreursat@indiegogo.com,1374.58
34c9eaf5-a0d5-4cbb-a183-3d34fc8b22a7,az,85062,chasteney,kchasteneyns@discuz.net,1128.84
8bd89630-6c3f-4c85-b829-a0d6cefa548b,az,85077,whitehall,jwhitehall1t@deviantart.com,298.14
d34da027-3202-43c0-916b-83b091c92e15,az,85077,kingscote,tkingscotemk@biglobe.ne.jp,1735.32
30e600c3-816a-4a36-8af7-9c7c6d2e9eb8,az,85099,latchmore,alatchmorem5@sbwire.com,1646.7
37e5cccc-cf4b-45a7-8c54-2e20e3e25b66,az,85255,clifforth,rclifforthh1@omniture.com,1223.92
f6ac8f30-0232-488c-b533-18bd79f0acd4,az,85255,spilsted,cspilstedk1@simplemachines.org,623.44
211a9dbb-b2c9-4773-9742-403b8ea98987,az,85271,blissitt,tblissitt1d@buzzfeed.com,1735.32
2e691cc3-9522-47c7-a0d2-4553ae3217f4,az,85311,mattiazzi,jmattiazzico@ebay.co.uk,280.96
32ce1f08-7834-4e50-8c85-32354f36d99c,az,85705,o' hanvey,wohanveyd9@goo.ne.jp,951.24
2196043a-646b-4304-a084-8b7884da59f5,az,85725,rodnight,hrodnightmy@sohu.com,1277.04
741b4881-2d57-496a-90ed-ccd3945f3692,az,85737,palfery,gpalferyd3@howstuffworks.com,1121.52
1509abf3-64ac-42bd-ac12-fed8584d0f99,az,85754,macelane,bmacelane86@webmd.com,1499.38
1ab2ba89-266b-4823-8033-1a721e3f50a4,nm,87105,savory,dsavoryde@nature.com,585.98
624eac7d-af60-4786-a76c-8f63b25cf56a,nm,87110,delwater,adelwaterhd@mac.com,692.22
4ea2f45c-22d3-4d0c-82c9-4e294ac47f08,nm,87180,airth,lairthar@networksolutions.com,10.58
6fc64bd3-4233-4f4a-97c6-8fea0b5c8736,nm,87190,karlsson,kkarlsson1k@boston.com,84.06
c7b2379f-e7c3-4686-bda7-90419bb72c74,nm,87505,hancorn,rhancorn3o@jimdo.com,1000.91
590e8009-08b8-4a02-a65d-3b3467c4f830,nm,88006,bruhn,cbruhni2@google.com,646.44
cafc7741-9da4-40ed-a063-2d96f3a6a66e,tx,88519,akehurst,makehursti9@cloudflare.com,706.38
f6b0f1cf-7052-49c1-bc95-45ebcd399791,tx,88525,extill,gextillq3@ameblo.jp,704.23
90a5d9a1-1c39-46a4-a150-1474f39d90d3,tx,88530,marusik,kmarusikao@statcounter.com,90.38
72d44608-264e-4050-8aa9-45b97f6deda0,tx,88541,aujean,faujeanfq@ucsd.edu,1056.66
7db29d45-4cd2-4f2d-be92-435aecc2fc64,tx,88546,ritter,tritterqk@netlog.com,709.98
e47d5593-ec4d-4d2a-bda6-b9eabe9a7e03,tx,88569,cicchelli,mcicchellidz@ft.com,251.12
feda435b-4d75-4b08-b7c0-8547c7b6eade,tx,88569,halewood,jhalewoodcq@discuz.net,1703.4
291d75a6-3d99-4e75-8a1e-5fee1e2b92c9,tx,88589,swatton,cswattonl9@cdc.gov,386.06
8d118030-fd2d-4351-bf5e-0758350bd113,tx,88589,pawelek,lpawelekls@about.com,1882.28
99964fdb-b9ee-4359-ad03-7d75cba8d44a,tx,88589,petworth,spetworthu@people.com.cn,1036.52
f01dafa4-fb63-4aa2-9d63-f888de90a575,tx,88589,revie,rreviecu@paypal.com,429.92
6c48d9a3-6d51-402a-859a-1c93466763d6,nv,89036,ashpital,aashpital60@home.pl,534.46
bd73f74c-4d9d-4246-9754-54b81e93cd6b,nv,89074,halloway,lhallowayx@constantcontact.com,1846.16
e8afff33-2e9e-4452-8a0b-40dc2f59aa08,nv,89074,towriss,vtowrisslz@bloglines.com,1623.36
dbe6cea0-c3af-49db-aef6-d5698c3bfdc5,nv,89115,kurten,dkurtenbn@discovery.com,699.29
f695414d-a136-4ba3-9161-0dee4d1e98fd,nv,89115,boyn,lboynr9@booking.com,793.62
5c0765f4-b5ee-4caf-8e34-6a94ff3f6423,nv,89120,metson,tmetsond@netscape.com,442.76
0f905409-5571-45f8-89ea-df3768570483,nv,89130,daviot,ddaviotck@discuz.net,36.14
4791861f-c299-4a85-ad22-b1dda7badcdf,nv,89130,haggerston,zhaggerstonp@blogger.com,1429.04
cd35010e-517d-416b-8cda-a960bbab6c3e,nv,89140,tiesman,atiesmanpb@independent.co.uk,1717.16
4f92137d-eefa-4c64-a465-48a29cd5cf04,nv,89145,gentiry,ggentiry10@blinklist.com,833.5
b431a5ae-7790-492b-a83a-a5bd2f856a65,nv,89155,arnaldy,carnaldyhu@fa.gov,1684.48
2b11d313-ea84-46db-b98a-c74bc3af6a3f,nv,89166,mallon,rmallonb3@canalblog.com,523.58
a7f50268-cd3a-4ff1-9440-a2dbf50e76cc,nv,89166,esmonde,aesmonde7z@mapquest.com,1704.8
0bd4b8c0-429d-4922-a8c8-c5e52bf3b07c,nv,89178,howchin,rhowchin6u@nationalgeographic.com,370.94
beac7c7e-feb3-472e-a345-131e78b886b0,nv,89178,ulster,dulster2o@opensource.org,997.98
f3337525-73b5-4fba-9f6b-efd9818a33a4,nv,89436,gercke,rgercke5e@usnews.com,1665.34
37a73231-393e-423f-b181-c87596c8f0af,nv,89519,scopes,tscopes51@ycombinator.com,1502.9
7638c57a-c59d-4096-a4c0-c53c16d36f1d,nv,89706,gramer,hgramer6m@telegraph.co.uk,1562.02
25763f2c-84fe-4d01-9e1b-4cbe8790daf2,ca,90005,zambon,mzambonrf@skype.com,983.42
875a6de7-7989-45a7-9329-38c49b1a52d8,ca,90005,shingfield,wshingfieldo4@phoca.cz,127.26
8cc765f6-ae2a-4f84-ba8b-acf78a6792ed,ca,90020,kliemke,ekliemkeg0@telegraph.co.uk,1366.82
c189f858-24ea-45e8-830b-2b883823e85a,ca,90025,scarre,wscarredr@lulu.com,1689.1
f2edc694-f74d-4482-9166-c14b55df1f82,ca,90025,quirke,tquirkekd@senate.gov,1245.96
c77ea913-c4a2-4ff6-b615-26028b375fda,ca,90035,adamini,wadamini5t@time.com,487.08
8b1f8342-e019-4d65-9c81-0762ae182f18,ca,90040,gallafant,agallafanthb@soup.io,38.46
14f11be8-3583-48da-a239-30704b197176,ca,90045,berthe,pbertherp@desdev.cn,212.6
f7b035aa-b6a7-4c9c-ad2c-029f68a4d873,ca,90050,howland,dhowlandc6@symantec.com,1334.28
c8d31306-976a-4e76-aadb-e0d4af03aa7b,ca,90055,cawkwell,ccawkwellv@opera.com,796.29
3ca515c6-46fa-475c-87e7-93f60d412ced,ca,90060,schurig,kschurigea@acquirethisname.com,1346.08
550391ea-daa4-4adc-ba0d-3a2cdbe081fc,ca,90076,moyle,fmoylead@wisc.edu,1823.9
218c8cb6-5a8e-42b9-b6e2-2754121e2d3d,ca,90094,le galle,alegalle9p@photobucket.com,1992.8
f47b6dc8-baf3-43b9-889c-70a3849fff1c,ca,90189,aspinwall,aaspinwallb2@slate.com,716.28
afaa9f29-4e08-4205-b13c-b1a65830e211,ca,90410,renny,erennyj1@businessweek.com,1599.02
8b46dfce-d30f-4395-8368-b4a49d3533b2,ca,90505,cobbled,gcobbled2r@theglobeandmail.com,541
51f9a8d1-6e44-4099-b3c2-d1f5b6e3ef42,ca,90610,beazley,nbeazleygd@telegraph.co.uk,1309.35
2d148d84-ea00-45a9-8d3f-f64339535c62,ca,90805,gosland,qgoslandh6@apple.com,122.34
2efce953-7d70-4b7d-811a-1bca150ea7cc,ca,90805,manginot,kmanginot4y@goodreads.com,1570.22
4cbfc8de-4f1e-4563-a670-f6e6c02a74e4,ca,90831,costen,ccostenlv@deviantart.com,1416.18
54d8540a-2244-4551-97db-81c228ccbcf1,ca,91109,monger,emonger1g@salon.com,14.6
658406c6-8279-4fb9-bb2a-0adc1b556831,ca,91199,borth,gbortha9@marketwatch.com,344.06
2221b3a4-5c8a-4832-a750-738f2c358ec4,ca,91505,dagnall,edagnallnz@amazon.com,1803.54
c3a748df-2a5e-42db-ac60-ef2876a57f47,ca,91520,norcutt,tnorcuttkr@umn.edu,215.5
f364ba7a-1de0-4fa1-893e-b4f6b355574c,ca,91606,goodey,mgoodey4b@list-manage.com,918.58
0b0c7c7a-526d-4d39-b64f-7b9d7a7f33cf,ca,92105,dradey,ldradeyjy@artisteer.com,522.62
9cef8e3b-9790-494e-8db4-c323952031cf,ca,92153,scurr,bscurrpr@yellowbook.com,325.36
18e76fa3-4296-415c-af9a-6834c5c2d746,ca,92160,spriddle,aspriddlees@about.com,1029.78
8a2d0596-b5d8-40d6-b9b0-c14991d1f902,ca,92165,camacke,acamackehw@icio.us,334.84
b5bc7cef-63ea-4919-8ceb-ed94b11214b5,ca,92410,curtis,icurtisk3@ycombinator.com,647.34
f21c5d1a-45f2-44e3-8b9e-7316f646a965,ca,92640,wulfinger,gwulfinger49@w3.org,1712.72
94c8b20a-a994-456f-a3ef-f5e05133df9c,ca,92645,guiver,kguiverm@imgur.com,763.9
b1e2b88f-350f-45e1-90a4-e9b7a81209d7,ca,92648,duffitt,wduffittc@chron.com,29.46
3898f825-2c95-4f8c-8a9a-5876c81d1e9e,ca,92717,lamball,clamball3j@smh.com.au,1572.28
e2928026-4ee3-40dd-98c6-fd58db1ad52c,ca,92805,turfus,eturfusn8@facebook.com,509.8
88b45eea-baf8-460e-b41f-b43ff3a6cf80,ca,92822,spread,bspreadr4@wikispaces.com,1076.22
8d74ef73-60d3-45d2-a4d9-0eb54a5ee10f,ca,92835,semiras,esemirasg5@miibeian.gov.cn,1407.96
a6ad9c6b-6a12-4ce1-831b-4fb6e87786be,ca,92835,bryett,ebryettgi@acquirethisname.com,924.08
e8a49d9f-a852-4206-913b-e5e3778afdff,ca,92862,worms,wwormsgn@people.com.cn,1545.62
11debee4-3df2-43e2-82ae-5f86e0a92e08,ca,92883,kremer,wkremerhz@icio.us,781.16
172370e2-c8f9-43a1-b61c-bcdd464231cd,ca,93094,beeswing,cbeeswing3w@live.com,1871.12
ff7df279-f0f2-4782-bab2-34559cfdd7f2,ca,93094,coot,tcoothi@kickstarter.com,1472.84
dcb51d6e-e982-45b8-a20c-0183b9873e1e,ca,93150,wann,awannkf@linkedin.com,1832.02
abc4648d-264b-4996-b14b-f35475aa69a7,ca,93291,keemer,lkeemer2y@epa.gov,1371.4
adee9d30-7abe-4a32-a4d5-4f84a1c03196,ca,93305,bugs,lbugsmc@un.org,1355.04
7d06f02f-5d35-445c-bf58-5032a8b623a9,ca,93399,callam,ccallamgc@reuters.com,583.04
3dac9aea-2572-445e-a0f9-85d419670fc3,ca,93584,cassam,acassamhe@cnet.com,194.82
c6be89c0-2473-4d35-8f8e-c46e8a3b04ca,ca,93584,peotz,speotzdv@shareasale.com,797.7
ee7bd6b4-6ac7-4606-b692-38910018bb15,ca,93591,ambrosio,nambrosioek@apple.com,1558.86
3f91aeb7-e1ce-4f84-86ac-456219f97e10,ca,93740,cargill,mcargillp2@ucsd.edu,73.7
384bd1af-2f9f-428c-be02-915e040742d7,ca,93750,briffett,rbriffettoc@sina.com.cn,1188.56
cb2afb08-e595-4231-be74-814ca19e3234,ca,93750,tongue,gtonguenu@google.fr,1259.44
dc102c5f-fb97-4b5b-a323-4a63486dbe7d,ca,93778,taw,btawmt@nba.com,77.48
6f19ad2b-a5cb-4b95-9eda-5718cebe82a7,ca,93786,de malchar,kdemalcharmo@cafepress.com,1281.68
e2afb437-bf14-4c51-80a2-653459362d91,ca,93786,maccafferty,amaccafferty7d@ucoz.com,1704.86
77bda9ad-c9c5-4518-be10-78370d2862c6,ca,93794,imesson,dimessoniy@mayoclinic.com,354.78
ece714b9-7a05-4f76-b37f-23f2d13076a2,ca,94132,morrant,vmorrantm7@state.gov,433.48
b45d0b35-0f45-4e49-8c92-645c3d57a031,ca,94142,evered,severedmv@examiner.com,1693.18
3b27eb33-3355-4277-9fa2-3dc5735db3f7,ca,94154,verni,fvernie9@toplist.cz,1442.56
442200ba-13ef-4261-a07a-140787f64351,ca,94154,lepard,clepardi8@fda.gov,1365.66
2357ac2d-8457-48fb-b4c1-9051ab9452c2,ca,94207,colby,wcolbybh@blinklist.com,1179.46
a3f5a11e-041d-4ae2-9ced-b63dde687d4f,ca,94207,bergin,hbergino2@comcast.net,1354.42
dd9b8ecb-dffe-43e0-bd63-ef9fe9477934,ca,94245,di franceshci,sdifranceshcilc@earthlink.net,1357.32
d2c0d35b-3fa0-4f84-a228-d76e59db68d3,ca,94273,spence,lspence59@people.com.cn,1665.96
22d3e1df-53af-4778-947f-daedaaafc285,ca,94291,dell casa,rdellcasaeo@woothemes.com,601.02
260b957f-ede5-42f5-8cdf-840cd6dcad8a,ca,94297,longman,alongmanmq@ow.ly,247.32
0ea36f0f-6748-486b-ac33-1c31d1590020,ca,94705,tassaker,stassakerf7@washingtonpost.com,798.02
02a7c2fc-444b-4761-b189-5a3a0717ef3a,ca,94913,kleeborn,akleeborn66@aboutads.info,1890.64
25584608-9a51-4218-96d8-ae7a83b4ead9,ca,94975,clothier,iclothierom@histats.com,105.64
ee285834-6261-4675-876a-c53ffdfd0cf4,ca,94975,hymor,rhymoroy@walmart.com,376.73
d789fec7-5557-4319-8816-d70fbe97a11c,ca,95160,adamowitz,ladamowitzfe@canalblog.com,1260.34
f656c461-8d75-4b6a-a73f-af0305188fd4,ca,95194,petracco,apetracco21@vistaprint.com,1574.48
2e466721-233c-4d0a-9cf8-ca0017eed03a,ca,95219,mccool,mmccoolae@friendfeed.com,1144.22
3c01c0ff-bf2b-48e4-ae2b-78d7783a916b,ca,95219,greenaway,tgreenawaykq@accuweather.com,200.9
3e99404a-c949-4b9e-88c2-ca5b6bd95528,ca,95813,reddel,kreddelkm@yellowbook.com,867.88
79259971-d783-44af-8b6f-02b8e4423985,ca,95823,caldera,scalderape@arizona.edu,559.55
ee7360f4-219e-43cb-baeb-6958f60a6d09,ca,95838,edlin,bedlinrm@wikimedia.org,161.5
005b6837-4ba4-4b3a-9e2f-ace11b3dd2ac,ca,95894,youings,ryouingsh9@theguardian.com,1109.98
7d815e98-c3af-4993-8b58-e2d787b05845,hi,96805,gaskal,sgaskal78@webs.com,1276.72
0fee966e-6cd1-4817-a21c-2a4bf5d94705,hi,96820,skellion,fskellionbb@unc.edu,1933.7
30a4f4d6-ad7a-408a-9245-56defe58a319,hi,96845,raimbauld,craimbauld8s@aol.com,1082.96
c27d904c-e615-49f7-95ac-0ac20210f2e4,hi,96845,hewell,mhewellni@apple.com,1634.58
d8a0eb3b-0f3e-4ec8-a236-9a46fbb2b3c0,or,97211,frampton,jframptonhj@biblegateway.com,565.08
b3e3eee3-7322-4a55-943d-d08ec3543a03,or,97216,eller,lellerj6@ow.ly,1941.24
e9d04154-74a7-45b0-bd56-449405f1167e,or,97221,lambshine,jlambshinejc@google.ca,1004.37
cf4fe8d9-0d83-4ec0-a454-807480c61441,or,97240,ranson,sransonqn@blog.com,1819.56
90f1b945-e164-450d-acdd-edc675a9d3bb,or,97255,althorpe,aalthorpeil@accuweather.com,182.28
f1d3a9d9-fd81-4be9-a4b9-3796f5638ab4,or,97255,pignon,npignonr0@npr.org,733.36
4e161c7a-094c-4e76-80ea-5d9430713b1b,or,97271,caws,wcawsak@globo.com,958.66
088d7f61-da80-4143-980b-fec3c44fe230,or,97312,berresford,gberresford6r@howstuffworks.com,237.92
3cda89b7-2861-40a5-991d-a116730f622d,or,97405,howison,showisonir@latimes.com,358.26
1686491b-f208-4baa-af2c-4bc5ed1e40ae,wa,98008,mcghie,qmcghieb@guardian.co.uk,830.8
e7ac4976-7718-4a45-a6c6-777ee756a35e,wa,98121,cast,mcast8o@nationalgeographic.com,1195.34
67b2ad66-22c1-46c6-9e0e-943412fdecbb,wa,98133,filippo,lfilippogs@ox.ac.uk,1810.98
3c77cd1f-6724-4083-9662-c9f3322fb27c,wa,98148,bein,lbeinno@apple.com,684.44
84c68f34-4b34-4474-b291-c5e6db24532b,wa,98148,carmo,scarmom6@fc2.com,693.48
69bc89af-6bec-4fff-a152-b178c11b1125,wa,98166,donner,rdonner9j@acquirethisname.com,1436.99
4c5d62ce-ba54-4d63-92ff-804ff5d22ec2,wa,98185,caldecourt,ecaldecourt24@cocolog-nifty.com,275.44
3175772a-cd91-4ee7-a2e1-4e835d368c52,wa,98405,connock,aconnockdh@devhub.com,1331.82
3599866a-76b7-4c54-9412-990cbf0104ec,wa,98405,nunan,lnunanbx@house.gov,128.62
62edfc5f-bf11-499b-990f-8f47ef5ec9d8,wa,98405,kopta,kkoptaiu@fc2.com,1764.56
7adcadfc-cced-47c5-8430-59c74dce59cb,wa,98424,jeves,tjeves2b@newsvine.com,566.12
a27865fd-4767-4ae5-8caa-8f669d519e7e,wa,98424,wickliffe,jwickliffe28@opensource.org,653.46
b4083c3c-6c86-4493-a57e-dc9184366d39,wa,98424,stitt,bstitt31@army.mil,1248.32
29bdd111-f30b-4e64-af26-a5f387d5e2db,wa,98481,cordey,mcordeyaw@mapy.cz,251.12
6c2de3a4-33cb-4eb2-b3bb-ba7e2426851c,wa,98481,okroy,jokroy7s@booking.com,482.46
7146ec98-4f6e-49ae-af60-6b731a5f9c79,wa,98664,scurry,oscurry52@icio.us,679.24
f33b612a-78b2-4b4c-8d43-757799178e4e,wa,98664,hearfield,shearfield4o@ucsd.edu,1229.34
89f45f05-bf58-46cd-8c15-9f3a4aee03d9,wa,98682,smallwood,ssmallwoodfi@parallels.com,620.92
48c8c46c-ec74-4bc1-833d-0bb7826f0dd6,wa,98687,miguel,gmiguelnm@opera.com,1678.06
9b28cc00-cf43-46d8-91da-4e362ae1bc48,wa,98687,caddy,ucaddyd6@amazon.co.uk,588.74
f69a9e09-cedf-4f84-abfa-e650ef54bfbf,wa,98687,kanter,dkanter65@gmpg.org,1251.12
7463e23c-d180-485b-8457-93157879eed2,wa,99215,jacobowicz,sjacobowiczpf@ebay.com,1152
d503ceee-c317-4650-a05c-21e8c2ef9b7f,wa,99260,allworthy,nallworthyho@ycombinator.com,1671.14
c7d291bb-8188-4162-9f14-078b5c0635a9,ak,99512,jambrozek,ljambrozekln@hugedomains.com,921.12
061b805d-3881-4985-9d62-2557deb52a77,ak,99517,chsteney,mchsteney7o@reuters.com,4.9
880a13e7-a07b-464a-a6d3-cb893e65dc66,ak,99517,neissen,mneissen4i@wiley.com,681.48
5b46db5a-a35a-455b-83f8-33fbe8c3d8c0,ak,99599,buddell,cbuddell9f@mediafire.com,184.88
696624fd-01c9-40be-b19b-4104df9fed69,ak,99790,lippett,llippett3a@wisc.edu,1585.48
d5984531-36a1-4033-a0cc-a6d15f562a09,ak,99790,fearfull,sfearfullof@amazon.com,1704.22
